description,alertlevel,alertscore,episodealertscore,country,fromdate,todate,severity (ha),iso3,GDACS ID,People affected,Duration (days),longitude,latitude
Green Forest fires in Australia from: 26 Apr 2021 to: 30 Apr 2021.,Green,1,1,Australia,26/04/2021,30/04/2021,5945,AUS,WF 1000223,0,4,128.229907,-17.63066115
GREEN Forest fires in Australia from: 23 Jul 2021 to: 04 Aug 2021.,GREEN,1,1,Australia,23/07/2021,4/08/2021,17720,AUS,WF 1001480,0,12,133.4643076,-14.16240815
Green Forest fires in Australia from: 29 Jul 2021 to: 04 Aug 2021.,Green,1,1,Australia,29/07/2021,4/08/2021,13751,AUS,WF 1001307,0,6,144.3631895,-15.84647654
GREEN Forest fires in Australia from: 30 Jul 2021 to: 04 Aug 2021.,GREEN,1,1,Australia,30/07/2021,4/08/2021,6111,AUS,WF 1001303,0,5,135.4405163,-13.71755103
Green Forest fires in Australia from: 18 Sep 2021 to: 04 Oct 2021.,Green,1,0.5,Australia,18/09/2021,4/10/2021,19630,AUS,WF 1002582,1,16,122.3993227,-17.39739817
Green Forest fires in Australia from: 23 Sep 2021 to: 02 Oct 2021.,Green,1,0.5,Australia,23/09/2021,2/10/2021,6497,AUS,WF 1002581,0,9,144.8691438,-17.0633083
Green Forest fires in Australia from: 21 Sep 2021 to: 02 Oct 2021.,Green,1,0.5,Australia,21/09/2021,2/10/2021,6862,AUS,WF 1002593,0,11,123.0330357,-16.77928387
Green Forest fires in Australia from: 31 Oct 2021 to: 09 Nov 2021.,Green,1,0.5,Australia,31/10/2021,9/11/2021,36534,AUS,WF 1003485,0,9,142.7105182,-12.35741282
Green Forest fires in Australia from: 31 Oct 2021 to: 09 Nov 2021.,Green,1,0.5,Australia,31/10/2021,9/11/2021,53145,AUS,WF 1003486,3,9,123.0893848,-18.15343051
Green Forest fires in Australia from: 24 Oct 2021 to: 09 Nov 2021.,Green,1,0.5,Australia,24/10/2021,9/11/2021,62581,AUS,WF 1002777,0,16,143.9510087,-15.0084174
Green Forest fires in Australia from: 24 Oct 2021 to: 09 Nov 2021.,Green,1,0.5,Australia,24/10/2021,9/11/2021,94878,AUS,WF 1002846,0,16,143.238532,-15.77307845
Green Forest fires in Australia from: 24 Oct 2021 to: 09 Nov 2021.,Green,1,0.5,Australia,24/10/2021,9/11/2021,39779,AUS,WF 1002859,0,16,142.0031194,-14.14575143
Green Forest fires in Australia from: 23 Oct 2021 to: 09 Nov 2021.,Green,1,0.5,Australia,23/10/2021,9/11/2021,16263,AUS,WF 1002865,0,17,133.5370491,-12.00530851
Green Forest fires in Australia from: 22 Oct 2021 to: 09 Nov 2021.,Green,1,0.5,Australia,22/10/2021,9/11/2021,33460,AUS,WF 1002878,0,18,142.2579209,-13.63051044
Green Forest fires in Australia from: 31 Oct 2021 to: 09 Nov 2021.,Green,1,0.5,Australia,31/10/2021,9/11/2021,9093,AUS,WF 1003201,0,9,135.0968853,-16.0665586
Green Forest fires in Australia from: 31 Oct 2021 to: 09 Nov 2021.,Green,1,0.5,Australia,31/10/2021,9/11/2021,14290,AUS,WF 1003206,0,9,143.9418207,-15.21271051
Green Forest fires in Australia from: 31 Oct 2021 to: 09 Nov 2021.,Green,1,0.5,Australia,31/10/2021,9/11/2021,9870,AUS,WF 1003217,0,9,129.5103847,-15.26570016
Green Forest fires in Australia from: 27 Oct 2021 to: 09 Nov 2021.,Green,1,0.5,Australia,27/10/2021,9/11/2021,7190,AUS,WF 1003235,0,13,143.365757,-15.59708279
Green Forest fires in Australia from: 25 Oct 2021 to: 09 Nov 2021.,Green,1,0.5,Australia,25/10/2021,9/11/2021,13057,AUS,WF 1003260,0,15,142.2575726,-11.56094246
Green Forest fires in Australia from: 25 Oct 2021 to: 09 Nov 2021.,Green,1,0.5,Australia,25/10/2021,9/11/2021,8029,AUS,WF 1003304,0,15,143.0781668,-13.05741732
Green Forest fires in Australia from: 29 Nov 2021 to: 09 Dec 2021.,Green,1,0.5,Australia,29/11/2021,9/12/2021,5826,AUS,WF 1003632,0,10,123.0082369,-32.64817962
Green Forest fires in Australia from: 30 Nov 2021 to: 02 Dec 2021.,Green,1,0.5,Australia,30/11/2021,2/12/2021,9793,AUS,WF 1003607,0,2,122.9523443,-17.51402804
Green Forest fires in Australia from: 24 Nov 2021 to: 02 Dec 2021.,Green,1,0.5,Australia,24/11/2021,2/12/2021,39463,AUS,WF 1003522,0,8,122.6977984,-17.40136197
Green Forest fires in Australia from: 22 Dec 2021 to: 10 Jan 2022.,Green,1,0.5,Australia,22/12/2021,10/01/2022,5624,AUS,WF 1003786,0,19,120.942071,-31.94144056
Green Forest fires in Australia from: 29 Mar 2022 to: 14 Apr 2022.,Green,1,0.5,Australia,29/03/2022,14/04/2022,13910,AUS,WF 1005277,0,16,128.532824,-16.39733158
Green Forest fires in Australia from: 30 Mar 2022 to: 12 Apr 2022.,Green,1,0.5,Australia,30/03/2022,12/04/2022,14268,AUS,WF 1005318,0,13,129.9599849,-15.95507021
Green Forest fires in Australia from: 28 Mar 2022 to: 12 Apr 2022.,Green,1,0.5,Australia,28/03/2022,12/04/2022,5544,AUS,WF 1005481,0,15,126.6434374,-17.42110401
Green Forest fires in Australia from: 29 Mar 2022 to: 12 Apr 2022.,Green,1,0.5,Australia,29/03/2022,12/04/2022,13067,AUS,WF 1005179,0,14,128.4692795,-17.15756382
Green Forest fires in Australia from: 30 Mar 2022 to: 12 Apr 2022.,Green,1,0.5,Australia,30/03/2022,12/04/2022,31460,AUS,WF 1005176,0,13,129.6556651,-15.67988801
Green Forest fires in Australia from: 24 Mar 2022 to: 12 Apr 2022.,Green,1,0.5,Australia,24/03/2022,12/04/2022,90163,AUS,WF 1005069,0,19,130.0453505,-18.44866026
Green Forest fires in Australia from: 30 Mar 2022 to: 11 Apr 2022.,Green,1,0.5,Australia,30/03/2022,11/04/2022,28111,AUS,WF 1005173,0,12,127.5471109,-15.48979182
Green Forest fires in Australia from: 31 Mar 2022 to: 11 Apr 2022.,Green,1,0.5,Australia,31/03/2022,11/04/2022,17051,AUS,WF 1005168,0,11,134.3815509,-13.44310817
Green Forest fires in Australia from: 30 Mar 2022 to: 11 Apr 2022.,Green,1,0.5,Australia,30/03/2022,11/04/2022,6818,AUS,WF 1005276,0,12,130.1921119,-16.19780069
Green Forest fires in Australia from: 31 Mar 2022 to: 10 Apr 2022.,Green,1,0.5,Australia,31/03/2022,10/04/2022,22620,AUS,WF 1005243,0,10,134.3620926,-13.78687961
Green Forest fires in Australia from: 31 Mar 2022 to: 10 Apr 2022.,Green,1,0.5,Australia,31/03/2022,10/04/2022,55796,AUS,WF 1005150,0,10,128.0898789,-16.01109277
Green Forest fires in Australia from: 22 Mar 2022 to: 10 Apr 2022.,Green,1,0.5,Australia,22/03/2022,10/04/2022,101613,AUS,WF 1005120,0,19,137.3526169,-17.71368758
Green Forest fires in Australia from: 30 Mar 2022 to: 09 Apr 2022.,Green,1,0.5,Australia,30/03/2022,9/04/2022,24061,AUS,WF 1005175,0,10,133.8358058,-13.88811991
Green Forest fires in Australia from: 31 Mar 2022 to: 09 Apr 2022.,Green,1,0.5,Australia,31/03/2022,9/04/2022,6012,AUS,WF 1005227,0,9,127.6532927,-15.36599399
Green Forest fires in Australia from: 29 Mar 2022 to: 09 Apr 2022.,Green,1,0.5,Australia,29/03/2022,9/04/2022,5240,AUS,WF 1005321,0,11,131.3601497,-15.74225619
Green Forest fires in Australia from: 30 Mar 2022 to: 09 Apr 2022.,Green,1,0.5,Australia,30/03/2022,9/04/2022,6624,AUS,WF 1005287,0,10,130.2938836,-16.04751663
Green Forest fires in Australia from: 28 Mar 2022 to: 08 Apr 2022.,Green,1,0.5,Australia,28/03/2022,8/04/2022,14951,AUS,WF 1005248,0,11,126.8111441,-16.91167762
Green Forest fires in Australia from: 26 Mar 2022 to: 08 Apr 2022.,Green,1,0.5,Australia,26/03/2022,8/04/2022,34804,AUS,WF 1005027,0,13,129.8986184,-18.52042651
Green Forest fires in Australia from: 30 Apr 2022 to: 10 May 2022.,Green,1,0.5,Australia,30/04/2022,10/05/2022,6052,AUS,WF 1006028,0,10,126.0656746,-16.91736818
Green Forest fires in Australia from: 30 Apr 2022 to: 10 May 2022.,Green,1,0.5,Australia,30/04/2022,10/05/2022,6457,AUS,WF 1006029,0,10,133.2023994,-14.33441296
Green Forest fires in Australia from: 30 Apr 2022 to: 09 May 2022.,Green,1,0.5,Australia,30/04/2022,9/05/2022,7963,AUS,WF 1005990,0,9,136.58917,-17.16490025
Green Forest fires in Australia from: 30 Apr 2022 to: 08 May 2022.,Green,1,0.5,Australia,30/04/2022,8/05/2022,8667,AUS,WF 1005989,0,8,116.2973817,-32.5052929
Green Forest fires in Australia from: 28 Apr 2022 to: 30 Apr 2022.,Green,1,0.5,Australia,28/04/2022,30/04/2022,6015,AUS,WF 1005895,0,2,130.8596155,-23.59722282
Green Forest fires in Australia from: 28 Apr 2022 to: 30 Apr 2022.,Green,1,0.5,Australia,28/04/2022,30/04/2022,8740,AUS,WF 1005897,0,2,126.5888425,-15.71225991
Green Forest fires in Australia from: 27 Apr 2022 to: 30 Apr 2022.,Green,1,0.5,Australia,27/04/2022,30/04/2022,8900,AUS,WF 1005881,0,3,126.0996672,-17.07877203
Green Forest fires in Australia from: 24 Apr 2022 to: 30 Apr 2022.,Green,1,0.5,Australia,24/04/2022,30/04/2022,7540,AUS,WF 1005868,0,6,125.3961255,-19.44578902
Green Forest fires in Australia from: 26 Apr 2022 to: 30 Apr 2022.,Green,1,0.5,Australia,26/04/2022,30/04/2022,8922,AUS,WF 1005860,0,4,125.9867825,-17.33657752
Green Forest fires in Australia from: 26 Apr 2022 to: 30 Apr 2022.,Green,1,0.5,Australia,26/04/2022,30/04/2022,9048,AUS,WF 1005863,0,4,131.4102292,-14.35382303
Green Forest fires in Australia from: 27 Apr 2022 to: 30 Apr 2022.,Green,1,0.5,Australia,27/04/2022,30/04/2022,9599,AUS,WF 1005926,0,3,125.4302988,-16.85661344
Green Forest fires in Australia from: 27 Apr 2022 to: 30 Apr 2022.,Green,1,0.5,Australia,27/04/2022,30/04/2022,18798,AUS,WF 1005927,0,3,125.2515307,-16.80053982
Green Forest fires in Australia from: 24 Apr 2022 to: 30 Apr 2022.,Green,1,0.5,Australia,24/04/2022,30/04/2022,7581,AUS,WF 1005913,0,6,131.2964502,-15.14709277
Green Forest fires in Australia from: 27 Apr 2022 to: 30 Apr 2022.,Green,1,0.5,Australia,27/04/2022,30/04/2022,5334,AUS,WF 1005899,0,3,126.351098,-16.26667771
Green Forest fires in Australia from: 26 Apr 2022 to: 30 Apr 2022.,Green,1,0.5,Australia,26/04/2022,30/04/2022,8914,AUS,WF 1005907,0,4,126.2374823,-17.15055036
Green Forest fires in Australia from: 26 May 2022 to: 31 May 2022.,Green,1,0.5,Australia,26/05/2022,31/05/2022,43886,AUS,WF 1006623,0,5,132.5996792,-17.46877064
Green Forest fires in Australia from: 26 May 2022 to: 31 May 2022.,Green,1,0.5,Australia,26/05/2022,31/05/2022,5390,AUS,WF 1006624,0,5,134.1058761,-13.83242543
Green Forest fires in Australia from: 26 May 2022 to: 31 May 2022.,Green,1,0.5,Australia,26/05/2022,31/05/2022,5675,AUS,WF 1006625,0,5,130.917659,-13.79611269
Green Forest fires in Australia from: 23 May 2022 to: 31 May 2022.,Green,1,0.5,Australia,23/05/2022,31/05/2022,124830,AUS,WF 1006636,0,8,131.8904633,-15.638041
Green Forest fires in Australia from: 31 May 2022 to: 31 May 2022.,Green,1,0.5,Australia,31/05/2022,31/05/2022,11989,AUS,WF 1006620,0,0,130.6442701,-18.62350051
Green Forest fires in Australia from: 24 May 2022 to: 31 May 2022.,Green,1,0.5,Australia,24/05/2022,31/05/2022,5975,AUS,WF 1006632,0,7,135.0302285,-13.35211057
Green Forest fires in Australia from: 24 May 2022 to: 31 May 2022.,Green,1,0.5,Australia,24/05/2022,31/05/2022,8416,AUS,WF 1006633,0,7,129.875072,-14.57893835
Green Forest fires in Australia from: 24 May 2022 to: 30 May 2022.,Green,1,0.5,Australia,24/05/2022,30/05/2022,9064,AUS,WF 1006629,0,6,133.8689568,-13.29400602
Green Forest fires in Australia from: 16 May 2022 to: 29 May 2022.,Green,1,0.5,Australia,16/05/2022,29/05/2022,7528,AUS,WF 1006346,0,13,133.9687255,-12.0698994
Green Forest fires in Australia from: 26 May 2022 to: 29 May 2022.,Green,1,0.5,Australia,26/05/2022,29/05/2022,39121,AUS,WF 1006304,0,3,132.5903375,-17.46901594
Green Forest fires in Australia from: 12 May 2022 to: 29 May 2022.,Green,1,0.5,Australia,12/05/2022,29/05/2022,87038,AUS,WF 1006326,0,17,128.4328767,-19.65727989
Green Forest fires in Australia from: 24 May 2022 to: 29 May 2022.,Green,1,0.5,Australia,24/05/2022,29/05/2022,15529,AUS,WF 1006630,0,5,129.8350746,-14.45822987
Green Forest fires in Australia from: 27 Jun 2022 to: 05 Jul 2022.,Green,1,0.5,Australia,27/06/2022,5/07/2022,5304,AUS,WF 1007034,0,8,131.9768019,-11.27291991
Green Forest fires in Australia from: 27 Jun 2022 to: 05 Jul 2022.,Green,1,0.5,Australia,27/06/2022,5/07/2022,7587,AUS,WF 1006812,0,8,126.1197695,-14.28810777
Green Forest fires in Australia from: 22 Jul 2022 to: 10 Aug 2022.,Green,1,0.5,Australia,22/07/2022,10/08/2022,38663,AUS,WF 1008237,0,19,142.3751621,-13.23227651
Green Forest fires in Australia from: 25 Jul 2022 to: 09 Aug 2022.,Green,1,0.5,Australia,25/07/2022,9/08/2022,13632,AUS,WF 1007698,0,15,142.0006489,-13.28403784
Green Forest fires in Australia from: 21 Jul 2022 to: 06 Aug 2022.,Green,1,0.5,Australia,21/07/2022,6/08/2022,34721,AUS,WF 1008135,0,16,144.2961998,-16.16565442
Green Forest fires in Australia from: 31 Oct 2022 to: 19 Nov 2022.,Green,1,0.5,Australia,31/10/2022,19/11/2022,14696,AUS,WF 1009827,0,19,144.4772639,-16.94253733
Green Forest fires in Australia from: 31 Oct 2022 to: 17 Nov 2022.,Green,1,0.5,Australia,31/10/2022,17/11/2022,16637,AUS,WF 1009812,0,17,142.3042157,-17.10262631
Green Forest fires in Australia from: 28 Oct 2022 to: 16 Nov 2022.,Green,1,0.5,Australia,28/10/2022,16/11/2022,97048,AUS,WF 1009859,0,19,143.092124,-16.51713099
Green Forest fires in Australia from: 29 Oct 2022 to: 15 Nov 2022.,Green,1,0.5,Australia,29/10/2022,15/11/2022,22765,AUS,WF 1009844,0,17,142.3878293,-11.0273509
Green Forest fires in Australia from: 31 Oct 2022 to: 14 Nov 2022.,Green,1,0.5,Australia,31/10/2022,14/11/2022,9994,AUS,WF 1009822,0,14,144.1819695,-16.73904719
Green Forest fires in Australia from: 31 Oct 2022 to: 14 Nov 2022.,Green,1,0.5,Australia,31/10/2022,14/11/2022,67343,AUS,WF 1009823,0,14,143.7126799,-16.79218864
Green Forest fires in Australia from: 31 Oct 2022 to: 14 Nov 2022.,Green,1,0.5,Australia,31/10/2022,14/11/2022,103432,AUS,WF 1009811,0,14,130.0696285,-16.35534852
Green Forest fires in Australia from: 31 Oct 2022 to: 14 Nov 2022.,Green,1,0.5,Australia,31/10/2022,14/11/2022,16208,AUS,WF 1009580,0,14,144.2912594,-17.52133727
Green Forest fires in Australia from: 25 Oct 2022 to: 13 Nov 2022.,Green,1,0.5,Australia,25/10/2022,13/11/2022,154242,AUS,WF 1009646,0,19,129.9828372,-24.01000128
Green Forest fires in Australia from: 25 Oct 2022 to: 12 Nov 2022.,Green,1,0.5,Australia,25/10/2022,12/11/2022,72053,AUS,WF 1009642,0,18,130.8983422,-15.80798958
Green Forest fires in Australia from: 26 Oct 2022 to: 12 Nov 2022.,Green,1,0.5,Australia,26/10/2022,12/11/2022,76396,AUS,WF 1009914,0,17,135.1978167,-16.00298983
Green Forest fires in Australia from: 27 Feb 2023 to: 16 Mar 2023.,Green,1,0.5,Australia,27/02/2023,16/03/2023,26156,AUS,WF 1012530,0,17,132.7143308,-23.54960526
Green Forest fires in Australia from: 30 Mar 2023 to: 15 Apr 2023.,Green,1,0.5,Australia,30/03/2023,15/04/2023,9541,AUS,WF 1013431,0,16,146.9412535,-25.00785802
Green Forest fires in Australia from: 29 Apr 2023 to: 18 May 2023.,Green,1,0.5,Australia,29/04/2023,18/05/2023,8110,AUS,WF 1014249,0,19,126.8200619,-16.08403728
Green Forest fires in Australia from: 29 Apr 2023 to: 18 May 2023.,Green,1,0.5,Australia,29/04/2023,18/05/2023,33877,AUS,WF 1014003,0,19,124.9677962,-18.65763398
Green Forest fires in Australia from: 29 Apr 2023 to: 16 May 2023.,Green,1,0.5,Australia,29/04/2023,16/05/2023,24315,AUS,WF 1013964,0,17,127.4231178,-17.48625769
Green Forest fires in Australia from: 29 Apr 2023 to: 13 May 2023.,Green,1,0.5,Australia,29/04/2023,13/05/2023,13152,AUS,WF 1014090,0,14,124.7666449,-15.4144253
Green Forest fires in Australia from: 30 Apr 2023 to: 12 May 2023.,Green,1,0.5,Australia,30/04/2023,12/05/2023,7633,AUS,WF 1013959,0,12,126.0247985,-15.3519948
Green Forest fires in Australia from: 24 Apr 2023 to: 12 May 2023.,Green,1,0.5,Australia,24/04/2023,12/05/2023,14821,AUS,WF 1013979,0,18,125.3718167,-16.46644003
Green Forest fires in Australia from: 29 Apr 2023 to: 11 May 2023.,Green,1,0.5,Australia,29/04/2023,11/05/2023,5562,AUS,WF 1014028,0,12,127.7948473,-15.82629194
Green Forest fires in Australia from: 27 Apr 2023 to: 11 May 2023.,Green,1,0.5,Australia,27/04/2023,11/05/2023,15444,AUS,WF 1014188,0,14,130.3704619,-16.90315911
Green Forest fires in Australia from: 20 Apr 2023 to: 09 May 2023.,Green,1,0.5,Australia,20/04/2023,9/05/2023,19794,AUS,WF 1013822,0,19,126.2675209,-16.80778685
Green Forest fires in Australia from: 30 Apr 2023 to: 09 May 2023.,Green,1,0.5,Australia,30/04/2023,9/05/2023,7666,AUS,WF 1014001,0,9,128.2815298,-16.47774982
Green Forest fires in Australia from: 27 Apr 2023 to: 09 May 2023.,Green,1,0.5,Australia,27/04/2023,9/05/2023,15022,AUS,WF 1014162,0,12,130.3699679,-16.9036846
Green Forest fires in Australia from: 23 Apr 2023 to: 09 May 2023.,Green,1,0.5,Australia,23/04/2023,9/05/2023,7304,AUS,WF 1013942,1,16,125.9804721,-16.77571849
Green Forest fires in Australia from: 19 Apr 2023 to: 08 May 2023.,Green,1,0.5,Australia,19/04/2023,8/05/2023,6228,AUS,WF 1013929,0,19,124.9496955,-15.92208482
Green Forest fires in Australia from: 18 Apr 2023 to: 07 May 2023.,Green,1,0.5,Australia,18/04/2023,7/05/2023,12231,AUS,WF 1013609,0,19,124.0934455,-16.34719131
Green Forest fires in Australia from: 21 Apr 2023 to: 06 May 2023.,Green,1,0.5,Australia,21/04/2023,6/05/2023,8751,AUS,WF 1013927,0,15,126.5491209,-17.43141588
Green Forest fires in Australia from: 23 Apr 2023 to: 05 May 2023.,Green,1,0.5,Australia,23/04/2023,5/05/2023,13133,AUS,WF 1013890,0,12,137.301332,-18.46789951
Green Forest fires in Australia from: 23 Apr 2023 to: 05 May 2023.,Green,1,0.5,Australia,23/04/2023,5/05/2023,5817,AUS,WF 1013981,0,12,137.7235211,-17.69213641
Green Forest fires in Australia from: 21 Apr 2023 to: 05 May 2023.,Green,1,0.5,Australia,21/04/2023,5/05/2023,5308,AUS,WF 1014010,4,14,151.1269251,-23.54173728
Green Forest fires in Australia from: 29 May 2023 to: 16 Jun 2023.,Green,1,0.5,Australia,29/05/2023,16/06/2023,91755,AUS,WF 1014643,0,18,132.5183569,-19.73188623
Green Forest fires in Australia from: 23 May 2023 to: 16 Jun 2023.,Green,1,0.5,Australia,23/05/2023,16/06/2023,56173,AUS,WF 1014453,0,24,127.4153382,-17.17260143
Green Forest fires in Australia from: 27 May 2023 to: 15 Jun 2023.,Green,1,0.5,Australia,27/05/2023,15/06/2023,6460,AUS,WF 1014666,0,19,132.0370181,-11.32104186
Green Forest fires in Australia from: 26 May 2023 to: 14 Jun 2023.,Green,1,0.5,Australia,26/05/2023,14/06/2023,16471,AUS,WF 1014462,0,19,143.1223959,-15.19158253
Green Forest fires in Australia from: 29 May 2023 to: 13 Jun 2023.,Green,1,0.5,Australia,29/05/2023,13/06/2023,36027,AUS,WF 1014527,0,15,132.4481237,-19.34135815
Green Forest fires in Australia from: 30 May 2023 to: 12 Jun 2023.,Green,1,0.5,Australia,30/05/2023,12/06/2023,16224,AUS,WF 1014551,0,13,133.3341666,-18.87652717
Green Forest fires in Australia from: 24 May 2023 to: 12 Jun 2023.,Green,1,0.5,Australia,24/05/2023,12/06/2023,7259,AUS,WF 1014714,0,19,144.1922892,-16.28924846
Green Forest fires in Australia from: 28 May 2023 to: 11 Jun 2023.,Green,1,0.5,Australia,28/05/2023,11/06/2023,6347,AUS,WF 1014954,0,14,129.8936082,-13.98508612
Green Forest fires in Australia from: 27 May 2023 to: 10 Jun 2023.,Green,1,0.5,Australia,27/05/2023,10/06/2023,22168,AUS,WF 1014488,0,14,133.021962,-20.61901927
Green Forest fires in Australia from: 25 May 2023 to: 10 Jun 2023.,Green,1,0.5,Australia,25/05/2023,10/06/2023,13761,AUS,WF 1014964,0,16,132.7215479,-14.08860934
Green Forest fires in Australia from: 30 May 2023 to: 08 Jun 2023.,Green,1,0.5,Australia,30/05/2023,8/06/2023,10595,AUS,WF 1014598,0,9,127.3149063,-16.47957471
Green Forest fires in Australia from: 31 May 2023 to: 08 Jun 2023.,Green,1,0.5,Australia,31/05/2023,8/06/2023,5994,AUS,WF 1014577,0,8,136.7297185,-16.81133179
Green Forest fires in Australia from: 27 May 2023 to: 08 Jun 2023.,Green,1,0.5,Australia,27/05/2023,8/06/2023,21498,AUS,WF 1014482,0,12,131.865877,-20.18612168
Green Forest fires in Australia from: 24 May 2023 to: 08 Jun 2023.,Green,1,0.5,Australia,24/05/2023,8/06/2023,57711,AUS,WF 1014450,0,15,122.3579484,-20.0005202
Green Forest fires in Australia from: 20 May 2023 to: 08 Jun 2023.,Green,1,0.5,Australia,20/05/2023,8/06/2023,26536,AUS,WF 1014371,0,19,137.3201433,-16.4071843
Green Forest fires in Australia from: 27 May 2023 to: 07 Jun 2023.,Green,1,0.5,Australia,27/05/2023,7/06/2023,6485,AUS,WF 1014571,0,11,130.4464183,-14.79806648
Green Forest fires in Australia from: 30 May 2023 to: 07 Jun 2023.,Green,1,0.5,Australia,30/05/2023,7/06/2023,8503,AUS,WF 1014579,0,8,132.0406478,-18.72853098
Green Forest fires in Australia from: 31 May 2023 to: 07 Jun 2023.,Green,1,0.5,Australia,31/05/2023,7/06/2023,11996,AUS,WF 1014935,0,7,126.6093187,-14.94370125
Green Forest fires in Australia from: 18 May 2023 to: 06 Jun 2023.,Green,1,0.5,Australia,18/05/2023,6/06/2023,48684,AUS,WF 1014332,0,19,131.6255995,-19.08718534
Green Forest fires in Australia from: 27 Jun 2023 to: 13 Jul 2023.,Green,1,0.5,Australia,27/06/2023,13/07/2023,6660,AUS,WF 1015650,0,16,142.6120961,-12.23865764
Green Forest fires in Australia from: 30 Jun 2023 to: 13 Jul 2023.,Green,1,0.5,Australia,30/06/2023,13/07/2023,6208,AUS,WF 1015701,0,13,142.1090192,-13.91437837
Green Forest fires in Australia from: 28 Jul 2023 to: 16 Aug 2023.,Green,1,0.5,Australia,28/07/2023,16/08/2023,31580,AUS,WF 1016031,0,19,121.879514,-18.9015041
Green Forest fires in Australia from: 28 Jul 2023 to: 15 Aug 2023.,Green,1,0.5,Australia,28/07/2023,15/08/2023,8841,AUS,WF 1016057,0,18,130.3303381,-11.42014034
Green Forest fires in Australia from: 28 Jul 2023 to: 14 Aug 2023.,Green,1,0.5,Australia,28/07/2023,14/08/2023,11455,AUS,WF 1016215,1,17,130.785207,-11.41065469
Green Forest fires in Australia from: 31 Jul 2023 to: 11 Aug 2023.,Green,1,0.5,Australia,31/07/2023,11/08/2023,13351,AUS,WF 1016177,0,11,133.5468839,-19.18396958
Green Forest fires in Australia from: 28 Jul 2023 to: 10 Aug 2023.,Green,1,0.5,Australia,28/07/2023,10/08/2023,6575,AUS,WF 1016152,0,13,131.9370966,-12.53860595
Green Forest fires in Australia from: 31 Aug 2023 to: 14 Sep 2023.,Green,1,0.5,Australia,31/08/2023,14/09/2023,14871,AUS,WF 1017026,0,14,135.7999888,-16.85337968
Green Forest fires in Australia from: 30 Aug 2023 to: 13 Sep 2023.,Green,1,0.5,Australia,30/08/2023,13/09/2023,36650,AUS,WF 1017036,0,14,128.1739034,-17.26238583
Green Forest fires in Australia from: 28 Aug 2023 to: 11 Sep 2023.,Green,1,0.5,Australia,28/08/2023,11/09/2023,51284,AUS,WF 1017063,0,14,135.5287187,-19.57883097
Green Forest fires in Australia from: 27 Aug 2023 to: 11 Sep 2023.,Green,1,0.5,Australia,27/08/2023,11/09/2023,24623,AUS,WF 1017070,0,15,125.9043407,-16.91322882
Green Forest fires in Australia from: 30 Aug 2023 to: 11 Sep 2023.,Green,1,0.5,Australia,30/08/2023,11/09/2023,12578,AUS,WF 1017034,0,12,133.8160208,-11.79422735
Green Forest fires in Australia from: 30 Aug 2023 to: 10 Sep 2023.,Green,1,0.5,Australia,30/08/2023,10/09/2023,99404,AUS,WF 1017038,1,11,137.8045167,-17.57201018
Green Forest fires in Australia from: 31 Aug 2023 to: 10 Sep 2023.,Green,1,0.5,Australia,31/08/2023,10/09/2023,67048,AUS,WF 1017030,0,10,135.5531928,-19.89077506
Green Forest fires in Australia from: 26 Aug 2023 to: 10 Sep 2023.,Green,1,0.5,Australia,26/08/2023,10/09/2023,12003,AUS,WF 1017148,0,15,130.9699954,-14.34961997
Green Forest fires in Australia from: 28 Aug 2023 to: 09 Sep 2023.,Green,1,0.5,Australia,28/08/2023,9/09/2023,9793,AUS,WF 1017053,0,12,142.0087169,-13.23737318
Green Forest fires in Australia from: 25 Aug 2023 to: 08 Sep 2023.,Green,1,0.5,Australia,25/08/2023,8/09/2023,7772,AUS,WF 1017110,0,14,135.334332,-12.29126294
Green Forest fires in Australia from: 28 Aug 2023 to: 08 Sep 2023.,Green,1,0.5,Australia,28/08/2023,8/09/2023,9442,AUS,WF 1017161,0,11,133.0656727,-11.72565523
Green Forest fires in Australia from: 25 Aug 2023 to: 08 Sep 2023.,Green,1,0.5,Australia,25/08/2023,8/09/2023,6061,AUS,WF 1017162,0,14,133.6336202,-11.99245834
Green Forest fires in Australia from: 27 Aug 2023 to: 08 Sep 2023.,Green,1,0.5,Australia,27/08/2023,8/09/2023,11035,AUS,WF 1017065,0,12,125.3555411,-17.50620291
Green Forest fires in Australia from: 27 Aug 2023 to: 08 Sep 2023.,Green,1,0.5,Australia,27/08/2023,8/09/2023,9141,AUS,WF 1017067,0,12,132.4485136,-11.41705686
Green Forest fires in Australia from: 27 Aug 2023 to: 07 Sep 2023.,Green,1,0.5,Australia,27/08/2023,7/09/2023,7032,AUS,WF 1017109,0,11,133.6841034,-19.20703721
Green Forest fires in Australia from: 30 Aug 2023 to: 07 Sep 2023.,Green,1,0.5,Australia,30/08/2023,7/09/2023,5846,AUS,WF 1017102,0,8,133.0387087,-14.2448818
Green Forest fires in Australia from: 26 Aug 2023 to: 07 Sep 2023.,Green,1,0.5,Australia,26/08/2023,7/09/2023,15235,AUS,WF 1017088,0,12,131.4024814,-15.53179333
Green Forest fires in Australia from: 23 Aug 2023 to: 07 Sep 2023.,Green,1,0.5,Australia,23/08/2023,7/09/2023,15477,AUS,WF 1016727,0,15,133.7514878,-18.91925977
Green Forest fires in Australia from: 29 Aug 2023 to: 06 Sep 2023.,Green,1,0.5,Australia,29/08/2023,6/09/2023,7639,AUS,WF 1017042,0,8,142.8234607,-12.83512055
Green Forest fires in Australia from: 27 Aug 2023 to: 06 Sep 2023.,Green,1,0.5,Australia,27/08/2023,6/09/2023,9140,AUS,WF 1017108,0,10,142.6796739,-12.03449498
Green Forest fires in Australia from: 25 Aug 2023 to: 06 Sep 2023.,Green,1,0.5,Australia,25/08/2023,6/09/2023,15152,AUS,WF 1017100,0,12,131.1587148,-11.54959056
Green Forest fires in Australia from: 29 Aug 2023 to: 06 Sep 2023.,Green,1,0.5,Australia,29/08/2023,6/09/2023,15017,AUS,WF 1017048,0,8,135.9758344,-16.8551171
Green Forest fires in Australia from: 29 Aug 2023 to: 06 Sep 2023.,Green,1,0.5,Australia,29/08/2023,6/09/2023,5008,AUS,WF 1017159,0,8,141.8301039,-12.96119923
Green Forest fires in Australia from: 22 Aug 2023 to: 06 Sep 2023.,Green,1,0.5,Australia,22/08/2023,6/09/2023,6395,AUS,WF 1017122,0,15,132.546161,-13.67143419
Green Forest fires in Australia from: 21 Aug 2023 to: 05 Sep 2023.,Green,1,0.5,Australia,21/08/2023,5/09/2023,16205,AUS,WF 1017126,0,15,134.6926157,-12.19266749
Green Forest fires in Australia from: 26 Aug 2023 to: 05 Sep 2023.,Green,1,0.5,Australia,26/08/2023,5/09/2023,6966,AUS,WF 1017083,0,10,133.1666772,-15.05811848
Green Forest fires in Australia from: 31 Aug 2023 to: 05 Sep 2023.,Green,1,0.5,Australia,31/08/2023,5/09/2023,7025,AUS,WF 1017024,0,5,126.5213249,-20.24626662
Green Forest fires in Australia from: 31 Aug 2023 to: 05 Sep 2023.,Green,1,0.5,Australia,31/08/2023,5/09/2023,9808,AUS,WF 1017025,0,5,135.8466448,-16.69681754
Green Forest fires in Australia from: 31 Aug 2023 to: 05 Sep 2023.,Green,1,0.5,Australia,31/08/2023,5/09/2023,6952,AUS,WF 1017021,0,5,130.4959312,-18.19680425
Green Forest fires in Australia from: 22 Aug 2023 to: 05 Sep 2023.,Green,1,0.5,Australia,22/08/2023,5/09/2023,28050,AUS,WF 1016732,0,14,138.1735906,-17.67796123
Green Forest fires in Australia from: 30 Sep 2023 to: 15 Oct 2023.,Green,1,0.5,Australia,30/09/2023,15/10/2023,15838,AUS,WF 1017745,0,15,143.5129982,-14.32323048
Green Forest fires in Australia from: 28 Sep 2023 to: 13 Oct 2023.,Green,1,0.5,Australia,28/09/2023,13/10/2023,27590,AUS,WF 1017580,0,15,138.0060654,-18.076419
Green Forest fires in Australia from: 28 Sep 2023 to: 12 Oct 2023.,Green,1,0.5,Australia,28/09/2023,12/10/2023,12700,AUS,WF 1017606,0,14,136.6228842,-16.78239908
Green Forest fires in Australia from: 30 Sep 2023 to: 11 Oct 2023.,Green,1,0.5,Australia,30/09/2023,11/10/2023,18466,AUS,WF 1017650,0,11,123.9224549,-16.6610467
Green Forest fires in Australia from: 30 Sep 2023 to: 11 Oct 2023.,Green,1,0.5,Australia,30/09/2023,11/10/2023,43713,AUS,WF 1017621,0,11,131.5120339,-22.27666637
Green Forest fires in Australia from: 28 Sep 2023 to: 11 Oct 2023.,Green,1,0.5,Australia,28/09/2023,11/10/2023,12294,AUS,WF 1017681,0,13,137.6719148,-18.2491833
Green Forest fires in Australia from: 26 Sep 2023 to: 09 Oct 2023.,Green,1,0.5,Australia,26/09/2023,9/10/2023,33101,AUS,WF 1017566,0,13,137.8360616,-18.30826408
Green Forest fires in Australia from: 25 Sep 2023 to: 09 Oct 2023.,Green,1,0.5,Australia,25/09/2023,9/10/2023,56740,AUS,WF 1017524,0,14,137.4317235,-18.52028377
Green Forest fires in Australia from: 25 Sep 2023 to: 09 Oct 2023.,Green,1,0.5,Australia,25/09/2023,9/10/2023,11067,AUS,WF 1017655,0,14,137.7643391,-17.71961382
Green Forest fires in Australia from: 26 Sep 2023 to: 08 Oct 2023.,Green,1,0.5,Australia,26/09/2023,8/10/2023,60120,AUS,WF 1017563,11,12,135.1194513,-16.35737374
Green Forest fires in Australia from: 30 Sep 2023 to: 08 Oct 2023.,Green,1,0.5,Australia,30/09/2023,8/10/2023,16908,AUS,WF 1017605,0,8,131.8236886,-15.9360832
Green Forest fires in Australia from: 28 Sep 2023 to: 08 Oct 2023.,Green,1,0.5,Australia,28/09/2023,8/10/2023,15365,AUS,WF 1017711,3,10,125.8199694,-17.46045865
Green Forest fires in Australia from: 22 Sep 2023 to: 07 Oct 2023.,Green,1,0.5,Australia,22/09/2023,7/10/2023,15061,AUS,WF 1017451,0,15,143.0913764,-13.47371532
Green Forest fires in Australia from: 28 Sep 2023 to: 06 Oct 2023.,Green,1,0.5,Australia,28/09/2023,6/10/2023,33843,AUS,WF 1017589,0,8,131.9634897,-22.0255559
Green Forest fires in Australia from: 29 Sep 2023 to: 06 Oct 2023.,Green,1,0.5,Australia,29/09/2023,6/10/2023,60798,AUS,WF 1017577,0,7,136.7906183,-18.30854689
Green Forest fires in Australia from: 27 Sep 2023 to: 06 Oct 2023.,Green,1,0.5,Australia,27/09/2023,6/10/2023,24543,AUS,WF 1017608,0,9,135.6185817,-20.87676124
Green Forest fires in Australia from: 21 Sep 2023 to: 06 Oct 2023.,Green,1,0.5,Australia,21/09/2023,6/10/2023,30627,AUS,WF 1017429,0,15,137.8881461,-18.51239243
Green Forest fires in Australia from: 26 Sep 2023 to: 06 Oct 2023.,Green,1,0.5,Australia,26/09/2023,6/10/2023,11162,AUS,WF 1017654,0,10,133.7310376,-22.91806207
Green Forest fires in Australia from: 21 Sep 2023 to: 06 Oct 2023.,Green,1,0.5,Australia,21/09/2023,6/10/2023,5404,AUS,WF 1017613,0,15,133.9599045,-11.9418656
Green Forest fires in Australia from: 30 Sep 2023 to: 06 Oct 2023.,Green,1,0.5,Australia,30/09/2023,6/10/2023,30180,AUS,WF 1017618,0,6,132.5694789,-22.47838317
Green Forest fires in Australia from: 28 Sep 2023 to: 06 Oct 2023.,Green,1,0.5,Australia,28/09/2023,6/10/2023,20999,AUS,WF 1017623,0,8,137.1906712,-18.38817775
Green Forest fires in Australia from: 29 Sep 2023 to: 06 Oct 2023.,Green,1,0.5,Australia,29/09/2023,6/10/2023,5516,AUS,WF 1017710,0,7,135.3448067,-20.79503857
Green Forest fires in Australia from: 26 Sep 2023 to: 06 Oct 2023.,Green,1,0.5,Australia,26/09/2023,6/10/2023,10453,AUS,WF 1017683,0,10,128.9448634,-18.9624542
Green Forest fires in Australia from: 23 Sep 2023 to: 06 Oct 2023.,Green,1,0.5,Australia,23/09/2023,6/10/2023,7545,AUS,WF 1017684,0,13,135.8009931,-12.87292137
Green Forest fires in Australia from: 20 Sep 2023 to: 05 Oct 2023.,Green,1,0.5,Australia,20/09/2023,5/10/2023,7063,AUS,WF 1017685,0,15,142.9502555,-12.41995819
Green Forest fires in Australia from: 28 Sep 2023 to: 05 Oct 2023.,Green,1,0.5,Australia,28/09/2023,5/10/2023,6878,AUS,WF 1017682,1,7,130.7631933,-15.67443983
Green Forest fires in Australia from: 30 Sep 2023 to: 05 Oct 2023.,Green,1,0.5,Australia,30/09/2023,5/10/2023,51984,AUS,WF 1017649,0,5,124.4721346,-19.22009649
Green Forest fires in Australia from: 27 Sep 2023 to: 05 Oct 2023.,Green,1,0.5,Australia,27/09/2023,5/10/2023,18449,AUS,WF 1017590,0,8,130.6378354,-16.38087832
Green Forest fires in Australia from: 23 Sep 2023 to: 04 Oct 2023.,Green,1,0.5,Australia,23/09/2023,4/10/2023,14704,AUS,WF 1017506,0,11,128.6827844,-16.0867227
Green Forest fires in Australia from: 20 Sep 2023 to: 04 Oct 2023.,Green,1,0.5,Australia,20/09/2023,4/10/2023,15576,AUS,WF 1017458,0,14,130.2201236,-16.79068489
Green Forest fires in Australia from: 21 Sep 2023 to: 04 Oct 2023.,Green,1,0.5,Australia,21/09/2023,4/10/2023,33340,AUS,WF 1017489,0,13,130.8734278,-16.27937654
Green Forest fires in Australia from: 27 Sep 2023 to: 04 Oct 2023.,Green,1,0.5,Australia,27/09/2023,4/10/2023,16191,AUS,WF 1017564,0,7,130.4809052,-16.23425956
Green Forest fires in Australia from: 25 Sep 2023 to: 04 Oct 2023.,Green,1,0.5,Australia,25/09/2023,4/10/2023,16441,AUS,WF 1017593,0,9,135.8265986,-20.80858783
Green Forest fires in Australia from: 30 Sep 2023 to: 04 Oct 2023.,Green,1,0.5,Australia,30/09/2023,4/10/2023,5288,AUS,WF 1017675,0,4,135.4062626,-20.89557267
Green Forest fires in Australia from: 30 Sep 2023 to: 04 Oct 2023.,Green,1,0.5,Australia,30/09/2023,4/10/2023,7321,AUS,WF 1017646,0,4,135.5383942,-20.87033378
Green Forest fires in Australia from: 30 Sep 2023 to: 04 Oct 2023.,Green,1,0.5,Australia,30/09/2023,4/10/2023,6633,AUS,WF 1017647,3,4,117.656975,-22.20755815
Green Forest fires in Australia from: 30 Sep 2023 to: 04 Oct 2023.,Green,1,0.5,Australia,30/09/2023,4/10/2023,6258,AUS,WF 1017648,0,4,134.4742462,-12.89048667
Green Forest fires in Australia from: 18 Sep 2023 to: 03 Oct 2023.,Green,1,0.5,Australia,18/09/2023,3/10/2023,5598,AUS,WF 1017627,0,15,142.1557956,-11.2843789
Green Forest fires in Australia from: 30 Sep 2023 to: 03 Oct 2023.,Green,1,0.5,Australia,30/09/2023,3/10/2023,6014,AUS,WF 1017619,0,3,142.0509244,-18.32151531
Green Forest fires in Australia from: 28 Sep 2023 to: 03 Oct 2023.,Green,1,0.5,Australia,28/09/2023,3/10/2023,18156,AUS,WF 1017622,0,5,129.4597544,-15.82840826
Green Forest fires in Australia from: 30 Sep 2023 to: 03 Oct 2023.,Green,1,0.5,Australia,30/09/2023,3/10/2023,11066,AUS,WF 1017617,0,3,123.9835926,-17.55888512
Green Forest fires in Australia from: 28 Sep 2023 to: 03 Oct 2023.,Green,1,0.5,Australia,28/09/2023,3/10/2023,7661,AUS,WF 1017578,0,5,137.6766081,-18.43234833
Green Forest fires in Australia from: 30 Sep 2023 to: 03 Oct 2023.,Green,1,0.5,Australia,30/09/2023,3/10/2023,8069,AUS,WF 1017604,0,3,137.488953,-18.41931237
Green Forest fires in Australia from: 26 Sep 2023 to: 03 Oct 2023.,Green,1,0.5,Australia,26/09/2023,3/10/2023,11010,AUS,WF 1017581,0,7,130.6569637,-16.167655
Green Forest fires in Australia from: 24 Sep 2023 to: 03 Oct 2023.,Green,1,0.5,Australia,24/09/2023,3/10/2023,16538,AUS,WF 1017549,0,9,132.3207973,-23.66096335
Green Forest fires in Australia from: 30 Oct 2023 to: 08 Nov 2023.,Green,1,0.5,Australia,30/10/2023,8/11/2023,5821,AUS,WF 1018411,0,9,138.829991,-19.8653377
Green Forest fires in Australia from: 29 Oct 2023 to: 06 Nov 2023.,Green,1,0.5,Australia,29/10/2023,6/11/2023,9928,AUS,WF 1018358,0,8,141.9619103,-19.33431391
Green Forest fires in Australia from: 23 Oct 2023 to: 06 Nov 2023.,Green,1,0.5,Australia,23/10/2023,6/11/2023,70037,AUS,WF 1018157,0,14,142.0966249,-19.37276406
Green Forest fires in Australia from: 30 Oct 2023 to: 05 Nov 2023.,Green,1,0.5,Australia,30/10/2023,5/11/2023,6452,AUS,WF 1018357,0,6,117.0210348,-21.9466615
Green Forest fires in Australia from: 20 Oct 2023 to: 04 Nov 2023.,Green,1,0.5,Australia,20/10/2023,4/11/2023,8435,AUS,WF 1018295,0,15,142.5564851,-13.53540281
Green Forest fires in Australia from: 19 Oct 2023 to: 03 Nov 2023.,Green,1,0.5,Australia,19/10/2023,3/11/2023,102753,AUS,WF 1018042,8,15,139.1919174,-20.15425731
Green Forest fires in Australia from: 25 Oct 2023 to: 03 Nov 2023.,Green,1,0.5,Australia,25/10/2023,3/11/2023,10060,AUS,WF 1018292,0,9,126.3735691,-20.23506759
Green Forest fires in Australia from: 29 Oct 2023 to: 03 Nov 2023.,Green,1,0.5,Australia,29/10/2023,3/11/2023,15415,AUS,WF 1018284,0,5,117.081171,-21.99155589
Green Forest fires in Australia from: 24 Oct 2023 to: 03 Nov 2023.,Green,1,0.5,Australia,24/10/2023,3/11/2023,27699,AUS,WF 1018267,0,10,126.4370219,-20.76192494
Green Forest fires in Australia from: 24 Oct 2023 to: 02 Nov 2023.,Green,1,0.5,Australia,24/10/2023,2/11/2023,8301,AUS,WF 1018263,0,9,131.199646,-17.95944156
Green Forest fires in Australia from: 25 Oct 2023 to: 02 Nov 2023.,Green,1,0.5,Australia,25/10/2023,2/11/2023,9027,AUS,WF 1018257,0,8,126.8197119,-18.43652883
Green Forest fires in Australia from: 28 Oct 2023 to: 02 Nov 2023.,Green,1,0.5,Australia,28/10/2023,2/11/2023,7390,AUS,WF 1018285,0,5,131.7193746,-19.60116402
Green Forest fires in Australia from: 31 Oct 2023 to: 02 Nov 2023.,Green,1,0.5,Australia,31/10/2023,2/11/2023,9246,AUS,WF 1018296,51,2,151.9612691,-28.42994813
Green Forest fires in Australia from: 27 Oct 2023 to: 02 Nov 2023.,Green,1,0.5,Australia,27/10/2023,2/11/2023,5555,AUS,WF 1018303,5,6,152.0106772,-29.3835773
Green Forest fires in Australia from: 26 Oct 2023 to: 02 Nov 2023.,Green,1,0.5,Australia,26/10/2023,2/11/2023,5962,AUS,WF 1018304,8,7,151.839814,-28.99466922
Green Forest fires in Australia from: 26 Oct 2023 to: 02 Nov 2023.,Green,1,0.5,Australia,26/10/2023,2/11/2023,7563,AUS,WF 1018305,23,7,151.8379106,-29.075039
Green Forest fires in Australia from: 26 Oct 2023 to: 02 Nov 2023.,Green,1,0.5,Australia,26/10/2023,2/11/2023,9347,AUS,WF 1018306,40,7,151.9974036,-29.16785719
Green Forest fires in Australia from: 26 Oct 2023 to: 01 Nov 2023.,Green,1,0.5,Australia,26/10/2023,1/11/2023,10413,AUS,WF 1018307,367,6,151.9012446,-28.91092222
Green Forest fires in Australia from: 28 Oct 2023 to: 01 Nov 2023.,Green,1,0.5,Australia,28/10/2023,1/11/2023,6431,AUS,WF 1018301,0,4,129.6867726,-19.65300445
Green Forest fires in Australia from: 24 Oct 2023 to: 01 Nov 2023.,Green,1,0.5,Australia,24/10/2023,1/11/2023,7765,AUS,WF 1018310,0,8,130.0632277,-20.59596904
Green Forest fires in Australia from: 25 Oct 2023 to: 01 Nov 2023.,Green,1,0.5,Australia,25/10/2023,1/11/2023,5366,AUS,WF 1018291,0,7,132.7049613,-18.86806655
Green Forest fires in Australia from: 26 Oct 2023 to: 01 Nov 2023.,Green,1,0.5,Australia,26/10/2023,1/11/2023,8829,AUS,WF 1018255,0,6,131.3234444,-22.93255921
Green Forest fires in Australia from: 26 Oct 2023 to: 01 Nov 2023.,Green,1,0.5,Australia,26/10/2023,1/11/2023,13268,AUS,WF 1018272,0,6,131.5557863,-22.86143038
Green Forest fires in Australia from: 26 Oct 2023 to: 01 Nov 2023.,Green,1,0.5,Australia,26/10/2023,1/11/2023,57116,AUS,WF 1018274,0,6,130.6884748,-23.00617509
Green Forest fires in Australia from: 25 Oct 2023 to: 01 Nov 2023.,Green,1,0.5,Australia,25/10/2023,1/11/2023,24044,AUS,WF 1018276,0,7,126.9474917,-18.28371677
Green Forest fires in Australia from: 30 Oct 2023 to: 01 Nov 2023.,Green,1,0.5,Australia,30/10/2023,1/11/2023,8206,AUS,WF 1018280,0,2,144.3661434,-20.50281146
Green Forest fires in Australia from: 25 Oct 2023 to: 01 Nov 2023.,Green,1,0.5,Australia,25/10/2023,1/11/2023,22951,AUS,WF 1018234,0,7,131.9646182,-19.7997972
Green Forest fires in Australia from: 27 Oct 2023 to: 01 Nov 2023.,Green,1,0.5,Australia,27/10/2023,1/11/2023,12857,AUS,WF 1018202,4,5,149.6862918,-23.82031154
Green Forest fires in Australia from: 26 Oct 2023 to: 01 Nov 2023.,Green,1,0.5,Australia,26/10/2023,1/11/2023,15153,AUS,WF 1018221,76,6,151.6697209,-24.4567684
Green Forest fires in Australia from: 25 Oct 2023 to: 01 Nov 2023.,Green,1,0.5,Australia,25/10/2023,1/11/2023,23795,AUS,WF 1018183,0,7,130.8922441,-19.90374094
Green Forest fires in Australia from: 23 Oct 2023 to: 01 Nov 2023.,Green,1,0.5,Australia,23/10/2023,1/11/2023,24104,AUS,WF 1018127,0,9,132.0435952,-22.74216473
Green Forest fires in Australia from: 20 Oct 2023 to: 01 Nov 2023.,Green,1,0.5,Australia,20/10/2023,1/11/2023,20489,AUS,WF 1018138,0,12,133.6026413,-20.06876964
Green Forest fires in Australia from: 23 Oct 2023 to: 01 Nov 2023.,Green,1,0.5,Australia,23/10/2023,1/11/2023,26965,AUS,WF 1018098,548,9,150.4925451,-27.09182997
Green Forest fires in Australia from: 30 Oct 2023 to: 31 Oct 2023.,Green,1,0.5,Australia,30/10/2023,31/10/2023,6299,AUS,WF 1018279,0,1,130.1649212,-20.59657375
Green Forest fires in Australia from: 25 Oct 2023 to: 31 Oct 2023.,Green,1,0.5,Australia,25/10/2023,31/10/2023,6675,AUS,WF 1018278,0,6,129.6688539,-19.44803491
Green Forest fires in Australia from: 25 Oct 2023 to: 31 Oct 2023.,Green,1,0.5,Australia,25/10/2023,31/10/2023,10978,AUS,WF 1018275,0,6,128.9273389,-17.58539398
Green Forest fires in Australia from: 26 Oct 2023 to: 31 Oct 2023.,Green,1,0.5,Australia,26/10/2023,31/10/2023,28469,AUS,WF 1018256,0,5,133.7070882,-22.23427516
Green Forest fires in Australia from: 25 Oct 2023 to: 31 Oct 2023.,Green,1,0.5,Australia,25/10/2023,31/10/2023,12084,AUS,WF 1018259,0,6,128.3698987,-17.42372438
Green Forest fires in Australia from: 25 Oct 2023 to: 31 Oct 2023.,Green,1,0.5,Australia,25/10/2023,31/10/2023,5636,AUS,WF 1018261,0,6,131.5773592,-19.42490507
Green Forest fires in Australia from: 25 Oct 2023 to: 31 Oct 2023.,Green,1,0.5,Australia,25/10/2023,31/10/2023,11882,AUS,WF 1018262,0,6,129.8084495,-18.30703965
Green Forest fires in Australia from: 26 Oct 2023 to: 31 Oct 2023.,Green,1,0.5,Australia,26/10/2023,31/10/2023,7414,AUS,WF 1018251,0,5,121.9990247,-19.36460907
Green Forest fires in Australia from: 26 Oct 2023 to: 31 Oct 2023.,Green,1,0.5,Australia,26/10/2023,31/10/2023,24529,AUS,WF 1018254,0,5,131.5588787,-19.71312479
Green Forest fires in Australia from: 24 Oct 2023 to: 31 Oct 2023.,Green,1,0.5,Australia,24/10/2023,31/10/2023,7380,AUS,WF 1018265,0,7,131.2612192,-20.94392998
Green Forest fires in Australia from: 29 Nov 2023 to: 14 Dec 2023.,Green,1,0.5,Australia,29/11/2023,14/12/2023,18565,AUS,WF 1018693,6,15,151.6710869,-25.26798102
Green Forest fires in Australia from: 29 Nov 2023 to: 11 Dec 2023.,Green,1,0.5,Australia,29/11/2023,11/12/2023,5755,AUS,WF 1018713,0,12,146.9405679,-25.33266098
Green Forest fires in Australia from: 25 Nov 2023 to: 10 Dec 2023.,Green,1,0.5,Australia,25/11/2023,10/12/2023,25120,AUS,WF 1018674,0,15,144.9477129,-15.58074872
Green Forest fires in Australia from: 30 Nov 2023 to: 10 Dec 2023.,Green,1,0.5,Australia,30/11/2023,10/12/2023,7460,AUS,WF 1018692,0,10,150.4457653,-25.29176483
Green Forest fires in Australia from: 25 Nov 2023 to: 10 Dec 2023.,Green,1,0.5,Australia,25/11/2023,10/12/2023,13411,AUS,WF 1018715,0,15,122.373735,-18.35448744
Green Forest fires in Australia from: 30 Nov 2023 to: 09 Dec 2023.,Green,1,0.5,Australia,30/11/2023,9/12/2023,8672,AUS,WF 1018677,0,9,142.8004384,-13.49795505
Green Forest fires in Australia from: 29 Nov 2023 to: 09 Dec 2023.,Green,1,0.5,Australia,29/11/2023,9/12/2023,6474,AUS,WF 1018688,0,10,135.8127752,-13.51473739
Green Forest fires in Australia from: 25 Nov 2023 to: 09 Dec 2023.,Green,1,0.5,Australia,25/11/2023,9/12/2023,7881,AUS,WF 1018673,0,14,143.3699995,-14.50735546
Green Forest fires in Australia from: 23 Nov 2023 to: 08 Dec 2023.,Green,1,0.5,Australia,23/11/2023,8/12/2023,39795,AUS,WF 1018675,0,15,144.5392442,-14.94011819
Green Forest fires in Australia from: 26 Nov 2023 to: 06 Dec 2023.,Green,1,0.5,Australia,26/11/2023,6/12/2023,18832,AUS,WF 1018672,0,10,144.5874664,-14.92225278
Green Forest fires in Australia from: 25 Nov 2023 to: 06 Dec 2023.,Green,1,0.5,Australia,25/11/2023,6/12/2023,9676,AUS,WF 1018665,0,11,123.0683233,-20.53440991
Green Forest fires in Australia from: 26 Nov 2023 to: 06 Dec 2023.,Green,1,0.5,Australia,26/11/2023,6/12/2023,13994,AUS,WF 1018657,5,10,116.4993012,-22.24806535
Green Forest fires in Australia from: 21 Nov 2023 to: 05 Dec 2023.,Green,1,0.5,Australia,21/11/2023,5/12/2023,10194,AUS,WF 1018648,0,14,124.341466,-16.49765935
Green Forest fires in Australia from: 27 Nov 2023 to: 05 Dec 2023.,Green,1,0.5,Australia,27/11/2023,5/12/2023,6654,AUS,WF 1018663,0,8,125.4616958,-15.67459581
Green Forest fires in Australia from: 26 Nov 2023 to: 05 Dec 2023.,Green,1,0.5,Australia,26/11/2023,5/12/2023,5775,AUS,WF 1018664,0,9,124.5565662,-16.50345448
Green Forest fires in Australia from: 25 Nov 2023 to: 04 Dec 2023.,Green,1,0.5,Australia,25/11/2023,4/12/2023,9276,AUS,WF 1018666,0,9,124.4160994,-17.14481393
Green Forest fires in Australia from: 29 Nov 2023 to: 04 Dec 2023.,Green,1,0.5,Australia,29/11/2023,4/12/2023,14552,AUS,WF 1018662,0,5,124.5435587,-17.28181735
Green Forest fires in Australia from: 30 Nov 2023 to: 04 Dec 2023.,Green,1,0.5,Australia,30/11/2023,4/12/2023,8156,AUS,WF 1018670,0,4,119.7505495,-32.21163576
Green Forest fires in Australia from: 28 Nov 2023 to: 04 Dec 2023.,Green,1,0.5,Australia,28/11/2023,4/12/2023,5680,AUS,WF 1018659,0,6,128.5893764,-15.40089863
Green Forest fires in Australia from: 22 Nov 2023 to: 04 Dec 2023.,Green,1,0.5,Australia,22/11/2023,4/12/2023,16747,AUS,WF 1018652,3,12,122.4708993,-17.79227813
Green Forest fires in Australia from: 28 Nov 2023 to: 03 Dec 2023.,Green,1,0.5,Australia,28/11/2023,3/12/2023,5409,AUS,WF 1018671,0,5,127.2121957,-19.42972092
Green Forest fires in Australia from: 19 Nov 2023 to: 03 Dec 2023.,Green,1,0.5,Australia,19/11/2023,3/12/2023,11794,AUS,WF 1018632,0,14,124.6747056,-16.49236852
Green Forest fires in Australia from: 26 Nov 2023 to: 02 Dec 2023.,Green,1,0.5,Australia,26/11/2023,2/12/2023,5639,AUS,WF 1018660,0,6,120.4950885,-21.06870685
Green Forest fires in Australia from: 26 Nov 2023 to: 01 Dec 2023.,Green,1,0.5,Australia,26/11/2023,1/12/2023,5851,AUS,WF 1018654,0,5,122.4554872,-18.41032555
Green Forest fires in Australia from: 27 Dec 2023 to: 06 Jan 2024.,Green,1,0.5,Australia,27/12/2023,6/01/2024,6486,AUS,WF 1018956,0,10,135.6731689,-13.92405802
Green Forest fires in Australia from: 21 Dec 2023 to: 05 Jan 2024.,Green,1,0.5,Australia,21/12/2023,5/01/2024,98966,AUS,WF 1018849,0,15,139.6718001,-19.77846723
Green Forest fires in Australia from: 27 Dec 2023 to: 04 Jan 2024.,Green,1,0.5,Australia,27/12/2023,4/01/2024,8810,AUS,WF 1018918,0,8,139.4386642,-19.49738918
Green Forest fires in Australia from: 31 Dec 2023 to: 04 Jan 2024.,Green,1,0.5,Australia,31/12/2023,4/01/2024,8390,AUS,WF 1018953,0,4,120.0371209,-22.36983212
Green Forest fires in Australia from: 26 Dec 2023 to: 04 Jan 2024.,Green,1,0.5,Australia,26/12/2023,4/01/2024,24145,AUS,WF 1018884,0,9,150.9931874,-28.14377378
Green Forest fires in Australia from: 20 Dec 2023 to: 04 Jan 2024.,Green,1,0.5,Australia,20/12/2023,4/01/2024,114802,AUS,WF 1018851,0,15,139.2348609,-19.41384129
Green Forest fires in Australia from: 20 Dec 2023 to: 04 Jan 2024.,Green,1,0.5,Australia,20/12/2023,4/01/2024,11014,AUS,WF 1018823,0,15,123.8426064,-16.79900779
Green Forest fires in Australia from: 30 Dec 2023 to: 03 Jan 2024.,Green,1,0.5,Australia,30/12/2023,3/01/2024,5814,AUS,WF 1018942,0,4,134.5258523,-21.74213803
Green Forest fires in Australia from: 30 Dec 2023 to: 03 Jan 2024.,Green,1,0.5,Australia,30/12/2023,3/01/2024,12054,AUS,WF 1018911,2,4,139.9393757,-19.98583578
Green Forest fires in Australia from: 31 Dec 2023 to: 03 Jan 2024.,Green,1,0.5,Australia,31/12/2023,3/01/2024,8109,AUS,WF 1018926,0,3,134.8916655,-17.27546242
Green Forest fires in Australia from: 30 Dec 2023 to: 03 Jan 2024.,Green,1,0.5,Australia,30/12/2023,3/01/2024,6947,AUS,WF 1018929,0,4,134.2231481,-21.62565479
Green Forest fires in Australia from: 30 Dec 2023 to: 03 Jan 2024.,Green,1,0.5,Australia,30/12/2023,3/01/2024,15216,AUS,WF 1018931,0,4,139.8689812,-20.27435153
Green Forest fires in Australia from: 25 Dec 2023 to: 03 Jan 2024.,Green,1,0.5,Australia,25/12/2023,3/01/2024,18107,AUS,WF 1018904,0,9,135.9182532,-21.39549948
Green Forest fires in Australia from: 20 Dec 2023 to: 03 Jan 2024.,Green,1,0.5,Australia,20/12/2023,3/01/2024,143197,AUS,WF 1018869,31,14,139.9960767,-20.86877556
Green Forest fires in Australia from: 21 Dec 2023 to: 03 Jan 2024.,Green,1,0.5,Australia,21/12/2023,3/01/2024,58391,AUS,WF 1018821,0,13,138.4932467,-18.909433
Green Forest fires in Australia from: 19 Dec 2023 to: 03 Jan 2024.,Green,1,0.5,Australia,19/12/2023,3/01/2024,96809,AUS,WF 1018794,0,15,135.6950444,-21.60309993
Green Forest fires in Australia from: 24 Dec 2023 to: 02 Jan 2024.,Green,1,0.5,Australia,24/12/2023,2/01/2024,7302,AUS,WF 1018876,0,9,133.1925354,-16.65590842
Green Forest fires in Australia from: 29 Dec 2023 to: 02 Jan 2024.,Green,1,0.5,Australia,29/12/2023,2/01/2024,8391,AUS,WF 1018896,0,4,132.7325178,-25.76555575
Green Forest fires in Australia from: 29 Dec 2023 to: 02 Jan 2024.,Green,1,0.5,Australia,29/12/2023,2/01/2024,13137,AUS,WF 1018897,0,4,133.2514227,-18.4632983
Green Forest fires in Australia from: 29 Dec 2023 to: 02 Jan 2024.,Green,1,0.5,Australia,29/12/2023,2/01/2024,23904,AUS,WF 1018898,0,4,133.1049114,-25.79130696
Green Forest fires in Australia from: 29 Dec 2023 to: 02 Jan 2024.,Green,1,0.5,Australia,29/12/2023,2/01/2024,8280,AUS,WF 1018893,0,4,133.7617191,-25.51384767
Green Forest fires in Australia from: 29 Dec 2023 to: 02 Jan 2024.,Green,1,0.5,Australia,29/12/2023,2/01/2024,10084,AUS,WF 1018894,0,4,131.5848779,-17.63622057
Green Forest fires in Australia from: 27 Dec 2023 to: 02 Jan 2024.,Green,1,0.5,Australia,27/12/2023,2/01/2024,7942,AUS,WF 1018902,0,6,130.4254109,-28.02449047
Green Forest fires in Australia from: 28 Dec 2023 to: 02 Jan 2024.,Green,1,0.5,Australia,28/12/2023,2/01/2024,8619,AUS,WF 1018935,0,5,131.6092872,-27.76438123
Green Forest fires in Australia from: 30 Dec 2023 to: 02 Jan 2024.,Green,1,0.5,Australia,30/12/2023,2/01/2024,5666,AUS,WF 1018930,1,3,132.8174119,-16.87985141
Green Forest fires in Australia from: 31 Dec 2023 to: 02 Jan 2024.,Green,1,0.5,Australia,31/12/2023,2/01/2024,6490,AUS,WF 1018927,0,2,120.8042916,-21.64945335
Green Forest fires in Australia from: 30 Dec 2023 to: 02 Jan 2024.,Green,1,0.5,Australia,30/12/2023,2/01/2024,5129,AUS,WF 1018928,0,3,130.5975262,-17.84775201
Green Forest fires in Australia from: 31 Dec 2023 to: 02 Jan 2024.,Green,1,0.5,Australia,31/12/2023,2/01/2024,5788,AUS,WF 1018925,0,2,140.0246529,-19.96617774
Green Forest fires in Australia from: 30 Dec 2023 to: 02 Jan 2024.,Green,1,0.5,Australia,30/12/2023,2/01/2024,11461,AUS,WF 1018913,0,3,132.3839312,-18.21200113
Green Forest fires in Australia from: 27 Dec 2023 to: 02 Jan 2024.,Green,1,0.5,Australia,27/12/2023,2/01/2024,10893,AUS,WF 1018919,0,6,134.887399,-17.56736634
Green Forest fires in Australia from: 30 Dec 2023 to: 02 Jan 2024.,Green,1,0.5,Australia,30/12/2023,2/01/2024,6080,AUS,WF 1018944,0,3,131.5714581,-17.16567871
Green Forest fires in Australia from: 31 Jan 2024 to: 10 Feb 2024.,Green,1,0.5,Australia,31/01/2024,10/02/2024,12422,AUS,WF 1019210,11,10,122.0552028,-18.61514864
Green Forest fires in Australia from: 28 Apr 2024 to: 10 May 2024.,Green,1,0.5,Australia,28/04/2024,10/05/2024,8119,AUS,WF 1019662,0,12,125.5264251,-15.27836166
Green Forest fires in Australia from: 26 Apr 2024 to: 10 May 2024.,Green,1,0.5,Australia,26/04/2024,10/05/2024,27732,AUS,WF 1019622,0,14,131.1768756,-15.86461699
Green Forest fires in Australia from: 27 Apr 2024 to: 09 May 2024.,Green,1,0.5,Australia,27/04/2024,9/05/2024,11192,AUS,WF 1019649,0,12,129.3568267,-17.46853832
Green Forest fires in Australia from: 30 Apr 2024 to: 06 May 2024.,Green,1,0.5,Australia,30/04/2024,6/05/2024,7787,AUS,WF 1019655,0,6,130.5642696,-15.66148535
Green Forest fires in Australia from: 27 Apr 2024 to: 05 May 2024.,Green,1,0.5,Australia,27/04/2024,5/05/2024,7271,AUS,WF 1019644,0,8,125.3446353,-15.36440218
Green Forest fires in Australia from: 24 Apr 2024 to: 05 May 2024.,Green,1,0.5,Australia,24/04/2024,5/05/2024,7281,AUS,WF 1019615,0,11,135.3095343,-20.97829212
Green Forest fires in Australia from: 30 Apr 2024 to: 04 May 2024.,Green,1,0.5,Australia,30/04/2024,4/05/2024,7896,AUS,WF 1019647,0,4,129.8163654,-14.70340772
Green Forest fires in Australia from: 18 Apr 2024 to: 03 May 2024.,Green,1,0.5,Australia,18/04/2024,3/05/2024,31924,AUS,WF 1019592,5,15,134.4592815,-19.3273953
Green Forest fires in Australia from: 18 Apr 2024 to: 03 May 2024.,Green,1,0.5,Australia,18/04/2024,3/05/2024,11527,AUS,WF 1019600,0,15,138.2807226,-19.06331047
Green Forest fires in Australia from: 17 Apr 2024 to: 02 May 2024.,Green,1,0.5,Australia,17/04/2024,2/05/2024,6435,AUS,WF 1019618,0,15,133.971098,-20.0212252
Green Forest fires in Australia from: 17 Apr 2024 to: 02 May 2024.,Green,1,0.5,Australia,17/04/2024,2/05/2024,12347,AUS,WF 1019593,0,15,133.9412783,-19.86060364
Green Forest fires in Australia from: 26 Apr 2024 to: 01 May 2024.,Green,1,0.5,Australia,26/04/2024,1/05/2024,5099,AUS,WF 1019645,0,5,126.352177,-18.03720569
Green Forest fires in Australia from: 22 Apr 2024 to: 01 May 2024.,Green,1,0.5,Australia,22/04/2024,1/05/2024,5458,AUS,WF 1019630,0,9,127.7732278,-18.57216893
Green Forest fires in Australia from: 26 Apr 2024 to: 01 May 2024.,Green,1,0.5,Australia,26/04/2024,1/05/2024,6237,AUS,WF 1019623,0,5,131.1999204,-14.41387619
Green Forest fires in Australia from: 26 Apr 2024 to: 30 Apr 2024.,Green,1,0.5,Australia,26/04/2024,30/04/2024,7034,AUS,WF 1019619,0,4,131.3157258,-15.78022474
Green Forest fires in Australia from: 29 Jun 2024 to: 11 Jul 2024.,Green,1,0.5,Australia,29/06/2024,11/07/2024,6526,AUS,WF 1020053,0,12,132.3453046,-12.27041931
Green Forest fires in Australia from: 30 Jul 2024 to: 11 Aug 2024.,Green,1,0.5,Australia,30/07/2024,11/08/2024,47722,AUS,WF 1020594,0,12,134.8872509,-20.2563587
Green Forest fires in Australia from: 30 Jul 2024 to: 11 Aug 2024.,Green,1,0.5,Australia,30/07/2024,11/08/2024,6904,AUS,WF 1020889,0,12,142.4813414,-15.09521422
Green Forest fires in Australia from: 31 Aug 2024 to: 05 Sep 2024.,Green,1,0.5,Australia,31/08/2024,5/09/2024,11171,AUS,WF 1021957,0,5,128.1306695,-16.72725664
Green Forest fires in Australia from: 31 Aug 2024 to: 05 Sep 2024.,Green,1,0.5,Australia,31/08/2024,5/09/2024,6434,AUS,WF 1021931,0,5,130.6316088,-13.49160136
Green Forest fires in Australia from: 30 Aug 2024 to: 04 Sep 2024.,Green,1,0.5,Australia,30/08/2024,4/09/2024,5828,AUS,WF 1021970,0,5,132.0715395,-12.69728495
Green Forest fires in Australia from: 29 Aug 2024 to: 03 Sep 2024.,Green,1,0.5,Australia,29/08/2024,3/09/2024,5371,AUS,WF 1021936,0,5,135.6627171,-13.36080586
Green Forest fires in Australia from: 30 Sep 2024 to: 05 Oct 2024.,Green,1,0.5,Australia,30/09/2024,5/10/2024,11602,AUS,WF 1022571,0,5,135.9112971,-16.55265208
Green Forest fires in Australia from: 30 Sep 2024 to: 05 Oct 2024.,Green,1,0.5,Australia,30/09/2024,5/10/2024,6334,AUS,WF 1022580,0,5,125.5534273,-15.14680481
Green Forest fires in Australia from: 30 Sep 2024 to: 05 Oct 2024.,Green,1,0.5,Australia,30/09/2024,5/10/2024,6501,AUS,WF 1022557,0,5,125.3354759,-15.26623569
Green Forest fires in Australia from: 30 Sep 2024 to: 05 Oct 2024.,Green,1,0.5,Australia,30/09/2024,5/10/2024,15560,AUS,WF 1022558,0,5,143.5961838,-14.55088549
Green Forest fires in Australia from: 30 Sep 2024 to: 05 Oct 2024.,Green,1,0.5,Australia,30/09/2024,5/10/2024,72756,AUS,WF 1022504,0,5,132.1912862,-14.97058769
Green Forest fires in Australia from: 30 Sep 2024 to: 05 Oct 2024.,Green,1,0.5,Australia,30/09/2024,5/10/2024,15496,AUS,WF 1022497,119,5,132.05328,-14.63494912
Green Forest fires in Australia from: 29 Sep 2024 to: 04 Oct 2024.,Green,1,0.5,Australia,29/09/2024,4/10/2024,10517,AUS,WF 1022561,0,5,135.5058225,-12.34406994
Green Forest fires in Australia from: 29 Sep 2024 to: 04 Oct 2024.,Green,1,0.5,Australia,29/09/2024,4/10/2024,11766,AUS,WF 1022553,0,5,141.8305777,-13.08698544
Green Forest fires in Australia from: 29 Sep 2024 to: 04 Oct 2024.,Green,1,0.5,Australia,29/09/2024,4/10/2024,31486,AUS,WF 1022459,13,5,134.2096656,-20.74594448
Green Forest fires in Australia from: 29 Sep 2024 to: 04 Oct 2024.,Green,1,0.5,Australia,29/09/2024,4/10/2024,49389,AUS,WF 1022470,0,5,139.2724455,-20.78727763
Green Forest fires in Australia from: 28 Sep 2024 to: 03 Oct 2024.,Green,1,0.5,Australia,28/09/2024,3/10/2024,13765,AUS,WF 1022475,0,5,136.7493661,-16.54725422
Green Forest fires in Australia from: 28 Sep 2024 to: 03 Oct 2024.,Green,1,0.5,Australia,28/09/2024,3/10/2024,9016,AUS,WF 1022476,0,5,126.1536727,-14.69835264
Green Forest fires in Australia from: 29 Sep 2024 to: 03 Oct 2024.,Green,1,0.5,Australia,29/09/2024,3/10/2024,9321,AUS,WF 1022530,0,4,136.0933363,-15.58225299
Green Forest fires in Australia from: 29 Sep 2024 to: 03 Oct 2024.,Green,1,0.5,Australia,29/09/2024,3/10/2024,10171,AUS,WF 1022508,0,4,127.8869951,-16.11871239
Green Forest fires in Australia from: 29 Sep 2024 to: 02 Oct 2024.,Green,1,0.5,Australia,29/09/2024,2/10/2024,5546,AUS,WF 1022506,0,3,136.6356428,-16.24055931
Green Forest fires in Australia from: 27 Sep 2024 to: 02 Oct 2024.,Green,1,0.5,Australia,27/09/2024,2/10/2024,13664,AUS,WF 1022472,0,5,142.3573063,-11.49805975
Green Forest fires in Australia from: 27 Sep 2024 to: 02 Oct 2024.,Green,1,0.5,Australia,27/09/2024,2/10/2024,16637,AUS,WF 1022463,0,5,136.2339438,-16.46305414
Green Forest fires in Australia from: 27 Sep 2024 to: 02 Oct 2024.,Green,1,0.5,Australia,27/09/2024,2/10/2024,12651,AUS,WF 1022441,0,5,134.730264,-17.163749
Green Forest fires in Australia from: 28 Oct 2024 to: 07 Nov 2024.,Green,1,0.5,Australia,28/10/2024,7/11/2024,40658,AUS,WF 1022845,3,10,145.0014996,-20.43731234
Green Forest fires in Australia from: 31 Oct 2024 to: 05 Nov 2024.,Green,1,0.5,Australia,31/10/2024,5/11/2024,12883,AUS,WF 1022878,0,5,138.5959611,-19.77447959
Green Forest fires in Australia from: 30 Oct 2024 to: 04 Nov 2024.,Green,1,0.5,Australia,30/10/2024,4/11/2024,19143,AUS,WF 1022868,0,5,131.5911542,-17.00553553
Green Forest fires in Australia from: 24 Oct 2024 to: 03 Nov 2024.,Green,1,0.5,Australia,24/10/2024,3/11/2024,56005,AUS,WF 1022760,0,10,132.6758664,-17.91894332
Green Forest fires in Australia from: 31 Oct 2024 to: 03 Nov 2024.,Green,1,0.5,Australia,31/10/2024,3/11/2024,11645,AUS,WF 1022879,0,3,134.9797535,-17.92188062
Green Forest fires in Australia from: 31 Oct 2024 to: 03 Nov 2024.,Green,1,0.5,Australia,31/10/2024,3/11/2024,7644,AUS,WF 1022884,0,3,134.4096076,-16.51719127
Green Forest fires in Australia from: 31 Oct 2024 to: 03 Nov 2024.,Green,1,0.5,Australia,31/10/2024,3/11/2024,7527,AUS,WF 1022885,0,3,132.3595833,-16.79745288
Green Forest fires in Australia from: 30 Oct 2024 to: 03 Nov 2024.,Green,1,0.5,Australia,30/10/2024,3/11/2024,6671,AUS,WF 1022870,0,4,146.3527965,-23.02146233
Green Forest fires in Australia from: 29 Oct 2024 to: 03 Nov 2024.,Green,1,0.5,Australia,29/10/2024,3/11/2024,5336,AUS,WF 1022871,0,5,128.5437891,-16.70183678
Green Forest fires in Australia from: 30 Oct 2024 to: 03 Nov 2024.,Green,1,0.5,Australia,30/10/2024,3/11/2024,10409,AUS,WF 1022867,0,4,135.7798865,-18.3730005
Green Forest fires in Australia from: 29 Oct 2024 to: 03 Nov 2024.,Green,1,0.5,Australia,29/10/2024,3/11/2024,11086,AUS,WF 1022862,0,5,135.265153,-21.03737641
Green Forest fires in Australia from: 29 Oct 2024 to: 03 Nov 2024.,Green,1,0.5,Australia,29/10/2024,3/11/2024,10731,AUS,WF 1022853,17,5,128.2670881,-17.06568316
Green Forest fires in Australia from: 29 Oct 2024 to: 02 Nov 2024.,Green,1,0.5,Australia,29/10/2024,2/11/2024,5182,AUS,WF 1022880,0,4,116.7023589,-21.77127139
Green Forest fires in Australia from: 25 Oct 2024 to: 02 Nov 2024.,Green,1,0.5,Australia,25/10/2024,2/11/2024,6301,AUS,WF 1022852,0,8,141.9690236,-18.97922548
Green Forest fires in Australia from: 28 Oct 2024 to: 02 Nov 2024.,Green,1,0.5,Australia,28/10/2024,2/11/2024,6210,AUS,WF 1022865,0,5,148.1009666,-27.21879522
Green Forest fires in Australia from: 23 Oct 2024 to: 02 Nov 2024.,Green,1,0.5,Australia,23/10/2024,2/11/2024,5553,AUS,WF 1022866,0,10,150.6305845,-22.68386011
Green Forest fires in Australia from: 27 Oct 2024 to: 02 Nov 2024.,Green,1,0.5,Australia,27/10/2024,2/11/2024,5414,AUS,WF 1022873,1,6,146.3411026,-22.91450928
Green Forest fires in Australia from: 24 Oct 2024 to: 02 Nov 2024.,Green,1,0.5,Australia,24/10/2024,2/11/2024,6835,AUS,WF 1022756,0,9,146.731186,-24.85829559
Green Forest fires in Australia from: 23 Oct 2024 to: 01 Nov 2024.,Green,1,0.5,Australia,23/10/2024,1/11/2024,23612,AUS,WF 1022766,0,9,134.7284072,-20.79003962
Green Forest fires in Australia from: 27 Oct 2024 to: 01 Nov 2024.,Green,1,0.5,Australia,27/10/2024,1/11/2024,11011,AUS,WF 1022832,0,5,135.4785034,-21.08654913
Green Forest fires in Australia from: 27 Oct 2024 to: 01 Nov 2024.,Green,1,0.5,Australia,27/10/2024,1/11/2024,8502,AUS,WF 1022839,0,5,127.2517619,-14.3403911
Green Forest fires in Australia from: 31 Oct 2024 to: 01 Nov 2024.,Green,1,0.5,Australia,31/10/2024,1/11/2024,5061,AUS,WF 1022877,0,1,138.3269588,-20.35149432
Green Forest fires in Australia from: 27 Oct 2024 to: 01 Nov 2024.,Green,1,0.5,Australia,27/10/2024,1/11/2024,7346,AUS,WF 1022850,0,5,133.972367,-14.33653653
Green Forest fires in Australia from: 26 Oct 2024 to: 01 Nov 2024.,Green,1,0.5,Australia,26/10/2024,1/11/2024,10378,AUS,WF 1022851,0,6,148.2251815,-20.45738872
Green Forest fires in Australia from: 28 Oct 2024 to: 01 Nov 2024.,Green,1,0.5,Australia,28/10/2024,1/11/2024,9451,AUS,WF 1022854,0,4,128.6340092,-17.90281673
Green Forest fires in Australia from: 27 Oct 2024 to: 01 Nov 2024.,Green,1,0.5,Australia,27/10/2024,1/11/2024,7040,AUS,WF 1022846,0,5,146.316759,-22.75781398
Green Forest fires in Australia from: 22 Oct 2024 to: 01 Nov 2024.,Green,1,0.5,Australia,22/10/2024,1/11/2024,10177,AUS,WF 1022843,0,10,131.447706,-20.60753839
Green Forest fires in Australia from: 30 Oct 2024 to: 31 Oct 2024.,Green,1,0.5,Australia,30/10/2024,31/10/2024,6131,AUS,WF 1022861,0,1,135.2431527,-21.03611965
Green Forest fires in Australia from: 25 Oct 2024 to: 31 Oct 2024.,Green,1,0.5,Australia,25/10/2024,31/10/2024,9272,AUS,WF 1022842,0,6,129.3312457,-19.48604397
Green Forest fires in Australia from: 27 Oct 2024 to: 31 Oct 2024.,Green,1,0.5,Australia,27/10/2024,31/10/2024,18001,AUS,WF 1022847,0,4,134.429152,-20.55201308
Green Forest fires in Australia from: 25 Oct 2024 to: 31 Oct 2024.,Green,1,0.5,Australia,25/10/2024,31/10/2024,6102,AUS,WF 1022855,0,6,129.2105102,-16.77275716
Green Forest fires in Australia from: 25 Oct 2024 to: 31 Oct 2024.,Green,1,0.5,Australia,25/10/2024,31/10/2024,9722,AUS,WF 1022856,0,6,130.0038535,-18.71289629
Green Forest fires in Australia from: 23 Oct 2024 to: 31 Oct 2024.,Green,1,0.5,Australia,23/10/2024,31/10/2024,6703,AUS,WF 1022858,0,8,130.7576206,-18.29856209
Green Forest fires in Australia from: 27 Oct 2024 to: 31 Oct 2024.,Green,1,0.5,Australia,27/10/2024,31/10/2024,5879,AUS,WF 1022848,0,4,134.660953,-20.60733552
Green Forest fires in Australia from: 28 Oct 2024 to: 31 Oct 2024.,Green,1,0.5,Australia,28/10/2024,31/10/2024,12410,AUS,WF 1022837,0,3,128.6371982,-19.49925599
Green Forest fires in Australia from: 21 Oct 2024 to: 31 Oct 2024.,Green,1,0.5,Australia,21/10/2024,31/10/2024,6474,AUS,WF 1022836,0,10,149.0570373,-24.76002974
Green Forest fires in Australia from: 24 Oct 2024 to: 31 Oct 2024.,Green,1,0.5,Australia,24/10/2024,31/10/2024,9534,AUS,WF 1022826,0,7,130.1787371,-18.45703572
Green Forest fires in Australia from: 21 Oct 2024 to: 31 Oct 2024.,Green,1,0.5,Australia,21/10/2024,31/10/2024,14750,AUS,WF 1022793,0,10,128.8425071,-15.14496657
Green Forest fires in Australia from: 21 Oct 2024 to: 31 Oct 2024.,Green,1,0.5,Australia,21/10/2024,31/10/2024,30051,AUS,WF 1022794,0,10,130.088272,-16.54675149
Green Forest fires in Australia from: 23 Oct 2024 to: 31 Oct 2024.,Green,1,0.5,Australia,23/10/2024,31/10/2024,9886,AUS,WF 1022763,0,8,130.2363361,-18.88143088
Green Forest fires in Australia from: 22 Oct 2024 to: 31 Oct 2024.,Green,1,0.5,Australia,22/10/2024,31/10/2024,18549,AUS,WF 1022773,0,9,129.9411764,-16.65880061
Green Forest fires in Australia from: 22 Nov 2024 to: 01 Dec 2024.,Green,1,0.5,Australia,22/11/2024,1/12/2024,13386,AUS,WF 1022994,0,9,143.3996193,-14.73423565
Green Forest fires in Australia from: 22 Nov 2024 to: 01 Dec 2024.,Green,1,0.5,Australia,22/11/2024,1/12/2024,11257,AUS,WF 1022995,0,9,142.9008635,-14.65126374
Green Forest fires in Australia from: 25 Nov 2024 to: 30 Nov 2024.,Green,1,0.5,Australia,25/11/2024,30/11/2024,61624,AUS,WF 1023001,26,5,115.2982056,-30.68306893
Green Forest fires in Australia from: 23 Nov 2024 to: 28 Nov 2024.,Green,1,0.5,Australia,23/11/2024,28/11/2024,5082,AUS,WF 1023013,0,5,145.4622871,-19.43379674
Green Forest fires in Australia from: 29 Dec 2024 to: 08 Jan 2025.,Green,1,0.5,Australia,29/12/2024,8/01/2025,12479,AUS,WF 1023220,0,10,144.0967546,-20.15928256
Green Forest fires in Australia from: 29 Dec 2024 to: 06 Jan 2025.,Green,1,0.5,Australia,29/12/2024,6/01/2025,8725,AUS,WF 1023213,0,8,135.3547935,-19.65589506
Green Forest fires in Australia from: 27 Dec 2024 to: 05 Jan 2025.,Green,1,0.5,Australia,27/12/2024,5/01/2025,9453,AUS,WF 1023188,0,9,138.2469274,-18.70546829
Green Forest fires in Australia from: 26 Dec 2024 to: 05 Jan 2025.,Green,1,0.5,Australia,26/12/2024,5/01/2025,6729,AUS,WF 1023190,0,10,139.4779884,-20.07270616
Green Forest fires in Australia from: 29 Dec 2024 to: 04 Jan 2025.,Green,1,0.5,Australia,29/12/2024,4/01/2025,5537,AUS,WF 1023207,0,6,132.3184729,-20.30181947
Green Forest fires in Australia from: 24 Dec 2024 to: 03 Jan 2025.,Green,1,0.5,Australia,24/12/2024,3/01/2025,7821,AUS,WF 1023146,0,10,120.6317647,-30.61473755
Green Forest fires in Australia from: 24 Dec 2024 to: 03 Jan 2025.,Green,1,0.5,Australia,24/12/2024,3/01/2025,12125,AUS,WF 1023130,0,10,146.2348138,-23.23184151
Green Forest fires in Australia from: 24 Dec 2024 to: 03 Jan 2025.,Green,1,0.5,Australia,24/12/2024,3/01/2025,25620,AUS,WF 1023138,0,10,139.9520029,-20.41924982
Green Forest fires in Australia from: 30 Dec 2024 to: 03 Jan 2025.,Green,1,0.5,Australia,30/12/2024,3/01/2025,6332,AUS,WF 1023173,0,4,133.1419712,-17.73717653
Green Forest fires in Australia from: 29 Dec 2024 to: 03 Jan 2025.,Green,1,0.5,Australia,29/12/2024,3/01/2025,5792,AUS,WF 1023187,0,5,135.3140118,-17.25203756
Green Forest fires in Australia from: 27 Dec 2024 to: 01 Jan 2025.,Green,1,0.5,Australia,27/12/2024,1/01/2025,9037,AUS,WF 1023151,0,5,139.562931,-19.95482747
Green Forest fires in Australia from: 24 Dec 2024 to: 01 Jan 2025.,Green,1,0.5,Australia,24/12/2024,1/01/2025,6319,AUS,WF 1023153,0,8,141.6183091,-19.2695014
Green Forest fires in Australia from: 30 Dec 2024 to: 01 Jan 2025.,Green,1,0.5,Australia,30/12/2024,1/01/2025,9986,AUS,WF 1023185,0,2,132.2185967,-17.06398922
Green Forest fires in Australia from: 22 Dec 2024 to: 01 Jan 2025.,Green,1,0.5,Australia,22/12/2024,1/01/2025,5044,AUS,WF 1023189,0,10,143.5861913,-20.32765977
Green Forest fires in Australia from: 22 Dec 2024 to: 01 Jan 2025.,Green,1,0.5,Australia,22/12/2024,1/01/2025,45727,AUS,WF 1023115,0,10,143.849735,-20.08034255
Green Forest fires in Australia from: 31 Jan 2025 to: 08 Feb 2025.,Green,1,0.5,Australia,31/01/2025,8/02/2025,5089,AUS,WF 1023498,0,8,114.539735,-26.72831763
Green Forest fires in Australia from: 28 Jan 2025 to: 07 Feb 2025.,Green,1,0.5,Australia,28/01/2025,7/02/2025,6123,AUS,WF 1023489,0,10,130.6548418,-21.83026338
Green Forest fires in Australia from: 28 Jan 2025 to: 06 Feb 2025.,Green,1,0.5,Australia,28/01/2025,6/02/2025,52532,AUS,WF 1023431,4,9,133.4223138,-23.64627041
Green Forest fires in Australia from: 27 Jan 2025 to: 06 Feb 2025.,Green,1,0.5,Australia,27/01/2025,6/02/2025,66791,AUS,WF 1023424,25,10,142.2971353,-37.29484914
Green Forest fires in Australia from: 31 Jan 2025 to: 04 Feb 2025.,Green,1,0.5,Australia,31/01/2025,4/02/2025,6829,AUS,WF 1023460,0,4,129.7625047,-21.56857217
Green Forest fires in Australia from: 30 Jan 2025 to: 04 Feb 2025.,Green,1,0.5,Australia,30/01/2025,4/02/2025,5237,AUS,WF 1023482,0,5,135.3777774,-18.17170419
Green Forest fires in Australia from: 27 Jan 2025 to: 04 Feb 2025.,Green,1,0.5,Australia,27/01/2025,4/02/2025,11886,AUS,WF 1023455,2,8,142.3275546,-37.12739019
Green Forest fires in Australia from: 30 Jan 2025 to: 04 Feb 2025.,Green,1,0.5,Australia,30/01/2025,4/02/2025,9272,AUS,WF 1023446,0,5,136.2588949,-21.29073014
Green Forest fires in Australia from: 27 Jan 2025 to: 04 Feb 2025.,Green,1,0.5,Australia,27/01/2025,4/02/2025,40063,AUS,WF 1023435,0,8,130.6330625,-22.10402745
Green Forest fires in Australia from: 30 Jan 2025 to: 03 Feb 2025.,Green,1,0.5,Australia,30/01/2025,3/02/2025,28756,AUS,WF 1023448,0,4,133.3305014,-23.61461135
Green Forest fires in Australia from: 30 Jan 2025 to: 03 Feb 2025.,Green,1,0.5,Australia,30/01/2025,3/02/2025,7187,AUS,WF 1023464,0,4,121.3537695,-22.64015332
Green Forest fires in Australia from: 30 Jan 2025 to: 02 Feb 2025.,Green,1,0.5,Australia,30/01/2025,2/02/2025,5203,AUS,WF 1023465,0,3,130.5262458,-21.96832815
Green Forest fires in Australia from: 31 Jan 2025 to: 02 Feb 2025.,Green,1,0.5,Australia,31/01/2025,2/02/2025,6848,AUS,WF 1023461,0,2,128.2307574,-21.90837048
Green Forest fires in Australia from: 30 Jan 2025 to: 02 Feb 2025.,Green,1,0.5,Australia,30/01/2025,2/02/2025,5458,AUS,WF 1023468,0,3,136.0485787,-21.24101693
Green Forest fires in Australia from: 28 Jan 2025 to: 02 Feb 2025.,Green,1,0.5,Australia,28/01/2025,2/02/2025,5820,AUS,WF 1023454,0,5,147.5368921,-29.79167014
Green Forest fires in Australia from: 30 Jan 2025 to: 02 Feb 2025.,Green,1,0.5,Australia,30/01/2025,2/02/2025,24083,AUS,WF 1023450,0,3,129.8414744,-21.90889516
Green Forest fires in Australia from: 23 Jan 2025 to: 01 Feb 2025.,Green,1,0.5,Australia,23/01/2025,1/02/2025,6314,AUS,WF 1023409,0,9,141.3959605,-21.85622008
Green Forest fires in Australia from: 28 Jan 2025 to: 01 Feb 2025.,Green,1,0.5,Australia,28/01/2025,1/02/2025,5552,AUS,WF 1023451,0,4,130.5748948,-22.79764265
Green Forest fires in Australia from: 30 Jan 2025 to: 01 Feb 2025.,Green,1,0.5,Australia,30/01/2025,1/02/2025,7580,AUS,WF 1023447,0,2,129.997017,-21.88197333
Green Forest fires in Australia from: 23 Jan 2025 to: 01 Feb 2025.,Green,1,0.5,Australia,23/01/2025,1/02/2025,26403,AUS,WF 1023392,0,9,119.6385022,-32.02439643
Green Forest fires in Australia from: 30 Jan 2025 to: 01 Feb 2025.,Green,1,0.5,Australia,30/01/2025,1/02/2025,6162,AUS,WF 1023458,0,2,130.4105859,-21.98637855
Green Forest fires in Australia from: 28 Feb 2025 to: 06 Mar 2025.,Green,1,0.5,Australia,28/02/2025,6/03/2025,6554,AUS,WF 1023552,0,6,128.5003503,-16.21957621
Green Forest fires in Australia from: 27 Feb 2025 to: 05 Mar 2025.,Green,1,0.5,Australia,27/02/2025,5/03/2025,6608,AUS,WF 1023555,0,6,138.7137776,-20.52206012
Green Forest fires in Australia from: 23 Feb 2025 to: 05 Mar 2025.,Green,1,0.5,Australia,23/02/2025,5/03/2025,7225,AUS,WF 1023547,0,10,146.7363324,-37.57500928
Green Forest fires in Australia from: 28 Feb 2025 to: 05 Mar 2025.,Green,1,0.5,Australia,28/02/2025,5/03/2025,9045,AUS,WF 1023549,2,5,128.5342646,-16.40609824
Green Forest fires in Australia from: 23 Feb 2025 to: 03 Mar 2025.,Green,1,0.5,Australia,23/02/2025,3/03/2025,8630,AUS,WF 1023548,0,8,131.313339,-20.43060068
Green Forest fires in Australia from: 27 Feb 2025 to: 03 Mar 2025.,Green,1,0.5,Australia,27/02/2025,3/03/2025,5519,AUS,WF 1023551,0,4,135.2200229,-15.45965554
Green Forest fires in Australia from: 21 Feb 2025 to: 03 Mar 2025.,Green,1,0.5,Australia,21/02/2025,3/03/2025,13158,AUS,WF 1023536,0,10,149.0469043,-25.33050352
Green Forest fires in Australia from: 26 Feb 2025 to: 01 Mar 2025.,Green,1,0.5,Australia,26/02/2025,1/03/2025,5710,AUS,WF 1023545,0,3,149.4516125,-30.94050637
Green Forest fires in Australia from: 23 Feb 2025 to: 01 Mar 2025.,Green,1,0.5,Australia,23/02/2025,1/03/2025,12174,AUS,WF 1023531,0,6,130.2673128,-19.31354779
Green Forest fires in Australia from: 19 Feb 2025 to: 01 Mar 2025.,Green,1,0.5,Australia,19/02/2025,1/03/2025,6561,AUS,WF 1022435,0,10,141.4060418,-18.35090588
Green Forest fires in Australia from: 24 Feb 2025 to: 28 Feb 2025.,Green,1,0.5,Australia,24/02/2025,28/02/2025,6179,AUS,WF 1023540,0,4,128.1821718,-17.58251407
Green Forest fires in Australia from: 17 Feb 2025 to: 27 Feb 2025.,Green,1,0.5,Australia,17/02/2025,27/02/2025,15197,AUS,WF 1023523,0,10,116.1792062,-34.81328433
Green Forest fires in Australia from: 30 Apr 2025 to: 10 May 2025.,Green,1,0.5,Australia,30/04/2025,10/05/2025,11034,AUS,WF 1023742,1,10,130.3726934,-18.57640283
Green Forest fires in Australia from: 29 Apr 2025 to: 09 May 2025.,Green,1,0.5,Australia,29/04/2025,9/05/2025,11754,AUS,WF 1023726,0,10,129.6042494,-15.36422932
Green Forest fires in Australia from: 26 Apr 2025 to: 06 May 2025.,Green,1,0.5,Australia,26/04/2025,6/05/2025,6179,AUS,WF 1023738,0,10,125.2317419,-18.59965712
Green Forest fires in Australia from: 30 Apr 2025 to: 06 May 2025.,Green,1,0.5,Australia,30/04/2025,6/05/2025,9152,AUS,WF 1023721,0,6,129.4670069,-15.57466893
Green Forest fires in Australia from: 24 Apr 2025 to: 04 May 2025.,Green,1,0.5,Australia,24/04/2025,4/05/2025,9006,AUS,WF 1023716,0,10,122.6834939,-18.07567047
Green Forest fires in Australia from: 25 Apr 2025 to: 03 May 2025.,Green,1,0.5,Australia,25/04/2025,3/05/2025,5794,AUS,WF 1023722,0,8,129.9667619,-14.90631478
Green Forest fires in Australia from: 30 Apr 2025 to: 03 May 2025.,Green,1,0.5,Australia,30/04/2025,3/05/2025,6085,AUS,WF 1023724,0,3,130.990796,-14.5369988
Green Forest fires in Australia from: 28 Apr 2025 to: 02 May 2025.,Green,1,0.5,Australia,28/04/2025,2/05/2025,5988,AUS,WF 1023717,0,4,116.4819909,-32.17037465
Green Forest fires in Australia from: 28 Apr 2025 to: 01 May 2025.,Green,1,0.5,Australia,28/04/2025,1/05/2025,5140,AUS,WF 1023719,0,3,126.4981088,-15.79949973
Green Forest fires in Australia from: 28 Apr 2025 to: 30 Apr 2025.,Green,1,0.5,Australia,28/04/2025,30/04/2025,12274,AUS,WF 1023712,0,2,127.8613107,-17.09657929
Green Forest fires in Australia from: 20 Apr 2025 to: 29 Apr 2025.,Green,1,0.5,Australia,20/04/2025,29/04/2025,6159,AUS,WF 1023713,0,9,130.4002269,-18.45870174
Green Forest fires in Australia from: 27 May 2025 to: 03 Jun 2025.,Green,1,0.5,Australia,27/05/2025,3/06/2025,5422,AUS,WF 1024020,0,7,137.6676969,-17.62571194
Green Forest fires in Australia from: 27 Jun 2025 to: 07 Jul 2025.,Green,1,0.5,Australia,27/06/2025,7/07/2025,5543,AUS,WF 1024164,0,10,133.8144744,-12.93680128
Green Forest fires in Australia from: 27 Jun 2025 to: 07 Jul 2025.,Green,1,0.5,Australia,27/06/2025,7/07/2025,6521,AUS,WF 1024159,0,10,131.1055061,-11.41461308
Green Forest fires in Australia from: 29 Jun 2025 to: 06 Jul 2025.,Green,1,0.5,Australia,29/06/2025,6/07/2025,16497,AUS,WF 1024160,0,7,130.8866831,-18.48459951
Green Forest fires in Australia from: 30 Jun 2025 to: 06 Jul 2025.,Green,1,0.5,Australia,30/06/2025,6/07/2025,7549,AUS,WF 1024152,0,6,133.6835534,-11.95183274
Green Forest fires in Australia from: 28 Jun 2025 to: 05 Jul 2025.,Green,1,0.5,Australia,28/06/2025,5/07/2025,6931,AUS,WF 1024155,0,7,132.6848126,-12.52172107
Green Forest fires in Australia from: 25 Jun 2025 to: 05 Jul 2025.,Green,1,0.5,Australia,25/06/2025,5/07/2025,5019,AUS,WF 1024182,0,10,129.5280245,-14.34186452
Green Forest fires in Australia from: 25 Jun 2025 to: 05 Jul 2025.,Green,1,0.5,Australia,25/06/2025,5/07/2025,6105,AUS,WF 1024170,0,10,130.2568889,-15.16360248
Green Forest fires in Australia from: 28 Jun 2025 to: 04 Jul 2025.,Green,1,0.5,Australia,28/06/2025,4/07/2025,6870,AUS,WF 1024161,0,6,125.7728179,-15.57074967
Green Forest fires in Australia from: 27 Jun 2025 to: 04 Jul 2025.,Green,1,0.5,Australia,27/06/2025,4/07/2025,6549,AUS,WF 1024162,0,7,135.8463184,-15.80746732
Green Forest fires in Australia from: 25 Jun 2025 to: 04 Jul 2025.,Green,1,0.5,Australia,25/06/2025,4/07/2025,6058,AUS,WF 1024151,0,9,135.5043734,-15.34730018
Green Forest fires in Australia from: 24 Jun 2025 to: 04 Jul 2025.,Green,1,0.5,Australia,24/06/2025,4/07/2025,13795,AUS,WF 1024121,0,10,132.0174109,-15.78100138
Green Forest fires in Australia from: 25 Jun 2025 to: 03 Jul 2025.,Green,1,0.5,Australia,25/06/2025,3/07/2025,6657,AUS,WF 1024148,0,8,135.5001915,-15.58098774
Green Forest fires in Australia from: 27 Jun 2025 to: 03 Jul 2025.,Green,1,0.5,Australia,27/06/2025,3/07/2025,7012,AUS,WF 1024158,1,6,130.8567665,-12.88849931
Green Forest fires in Australia from: 25 Jun 2025 to: 03 Jul 2025.,Green,1,0.5,Australia,25/06/2025,3/07/2025,5054,AUS,WF 1024171,0,8,125.6697029,-15.15032269
Green Forest fires in Australia from: 30 Jun 2025 to: 03 Jul 2025.,Green,1,0.5,Australia,30/06/2025,3/07/2025,6043,AUS,WF 1024169,0,3,124.6667808,-16.73629559
Green Forest fires in Australia from: 29 Jun 2025 to: 02 Jul 2025.,Green,1,0.5,Australia,29/06/2025,2/07/2025,7228,AUS,WF 1024150,0,3,124.0837628,-17.98366678
Green Forest fires in Australia from: 22 Jun 2025 to: 02 Jul 2025.,Green,1,0.5,Australia,22/06/2025,2/07/2025,6372,AUS,WF 1024146,0,10,125.9911656,-14.82630349
Green Forest fires in Australia from: 27 Jun 2025 to: 01 Jul 2025.,Green,1,0.5,Australia,27/06/2025,1/07/2025,6972,AUS,WF 1024144,0,4,131.5303956,-12.60838497
Green Forest fires in Australia from: 27 Jun 2025 to: 01 Jul 2025.,Green,1,0.5,Australia,27/06/2025,1/07/2025,5025,AUS,WF 1024157,0,4,132.6127463,-13.40237083
Green Forest fires in Australia from: 30 Jun 2025 to: 01 Jul 2025.,Green,1,0.5,Australia,30/06/2025,1/07/2025,5780,AUS,WF 1024153,0,1,130.8463747,-18.48061435
Green Forest fires in Australia from: 24 Jun 2025 to: 01 Jul 2025.,Green,1,0.5,Australia,24/06/2025,1/07/2025,11431,AUS,WF 1024133,0,7,132.0239351,-15.56310179
Green Forest fires in Australia from: 23 Jun 2025 to: 01 Jul 2025.,Green,1,0.5,Australia,23/06/2025,1/07/2025,5294,AUS,WF 1024142,0,8,137.6655336,-16.72264648
Green Forest fires in Australia from: 27 Jun 2025 to: 30 Jun 2025.,Green,1,0.5,Australia,27/06/2025,30/06/2025,5962,AUS,WF 1024141,0,3,132.2285254,-13.27117511
Green Forest fires in Australia from: 24 Jun 2025 to: 30 Jun 2025.,Green,1,0.5,Australia,24/06/2025,30/06/2025,7596,AUS,WF 1024138,2,6,130.8968486,-13.58879602
Green Forest fires in Australia from: 20 Jun 2025 to: 30 Jun 2025.,Green,1,0.5,Australia,20/06/2025,30/06/2025,11777,AUS,WF 1024134,0,10,132.679118,-13.31132812
Green Forest fires in Australia from: 24 Jun 2025 to: 30 Jun 2025.,Green,1,0.5,Australia,24/06/2025,30/06/2025,5551,AUS,WF 1024145,0,6,132.8340562,-12.94827611
Green Forest fires in Australia from: 31 Jul 2025 to: 10 Aug 2025.,Green,1,0.5,Australia,31/07/2025,10/08/2025,8647,AUS,WF 1024475,0,10,127.5162234,-17.03164259
Green Forest fires in Australia from: 31 Jul 2025 to: 09 Aug 2025.,Green,1,0.5,Australia,31/07/2025,9/08/2025,11573,AUS,WF 1024483,0,9,135.7624129,-16.14240268
Green Forest fires in Australia from: 30 Jul 2025 to: 08 Aug 2025.,Green,1,0.5,Australia,30/07/2025,8/08/2025,16140,AUS,WF 1024417,0,9,131.3728713,-18.02213408
Green Forest fires in Australia from: 30 Jul 2025 to: 07 Aug 2025.,Green,1,0.5,Australia,30/07/2025,7/08/2025,5658,AUS,WF 1024469,0,8,131.8137665,-12.4620415
Green Forest fires in Australia from: 30 Jul 2025 to: 07 Aug 2025.,Green,1,0.5,Australia,30/07/2025,7/08/2025,9052,AUS,WF 1024429,1,8,127.6115754,-14.46907214
Green Forest fires in Australia from: 30 Jul 2025 to: 05 Aug 2025.,Green,1,0.5,Australia,30/07/2025,5/08/2025,5092,AUS,WF 1024467,0,6,126.9905539,-17.49789651
Green Forest fires in Australia from: 27 Jul 2025 to: 05 Aug 2025.,Green,1,0.5,Australia,27/07/2025,5/08/2025,13135,AUS,WF 1024371,0,9,128.3966681,-16.62673873
Green Forest fires in Australia from: 28 Jul 2025 to: 05 Aug 2025.,Green,1,0.5,Australia,28/07/2025,5/08/2025,10790,AUS,WF 1024361,0,8,131.7014878,-18.34281958
Green Forest fires in Australia from: 25 Jul 2025 to: 04 Aug 2025.,Green,1,0.5,Australia,25/07/2025,4/08/2025,36569,AUS,WF 1024335,101,10,129.5518281,-16.42358708
Green Forest fires in Australia from: 30 Jul 2025 to: 04 Aug 2025.,Green,1,0.5,Australia,30/07/2025,4/08/2025,10102,AUS,WF 1024372,0,5,120.2518723,-23.15787976
Green Forest fires in Australia from: 31 Jul 2025 to: 04 Aug 2025.,Green,1,0.5,Australia,31/07/2025,4/08/2025,5292,AUS,WF 1024445,0,4,130.9788983,-13.45948771
